UUID,action_games,beat_em_up,hack_n_slash,fighting,platform,shooter,survival,battle_royal,action_adventure,stealth,survival_horror,adventure,role_playing,simulation,sports,strategy,multiplayer_online_battle_arena,real_time_strategey,turn_based_strategy,horror,massively_multiplayer_online,puzzle
3c008736-5c8f-429b-b3cb719e75a2,4,3,3,3,5,6,7,8,8,6,1,10,7,5,1,8,8,3,2,1,6,0
6e9fdc09-ba1d-439c-ab1f84f00ab9,6,8,7,6,6,10,9,6,8,10,10,6,10,7,5,4,4,8,6,10,7,0
eada09bd-2a3b-4e66-8302e93aefee,10,9,9,4,7,10,10,10,10,9,10,8,7,3,7,7,8,7,9,7,4,3
ca18f5f8-9567-4c59-42e062f0faf7,10,8,8,8,9,7,9,9,10,8,7,9,8,5,4,4,9,6,4,9,6,7
c291e87f-7eec-4b00-2f8bab756b3a,8,4,5,2,8,8,7,4,8,4,2,8,9,3,1,7,7,10,7,1,8,7
6b0c2d21-25da-4925-fe92eb71c15c,6,8,8,8,8,5,6,6,7,6,2,8,8,8,3,8,6,6,8,2,7,6
2ec46bec-9576-493f-2b65f68d521a,10,4,5,2,8,10,7,10,10,9,3,8,9,6,1,7,9,4,7,2,10,4
5d225909-7b3b-4e99-eee59c8b417f,8,5,4,5,7,9,8,9,9,8,5,9,9,9,7,8,6,8,7,4,7,3
7f8b868b-9c56-40c3-cb60323b4927,8,2,4,8,8,8,5,1,9,1,1,9,9,1,1,1,1,2,1,4,10,8
f3a37ee0-6f81-40f0-a7f2b401e51a,1,1,1,1,2,1,1,1,1,1,1,3,7,5,1,9,1,2,10,1,1,4
a336209f-31fd-4b42-6c6024cf8dcb,10,1,1,1,1,10,1,1,1,1,1,1,1,10,1,1,1,1,1,1,1,1
2c758231-3a55-40b7-6df5cbbf2e61,8,5,5,7,3,10,10,5,6,7,7,5,8,9,9,5,9,6,6,5,10,4
1a0095bf-e0eb-412a-6129c471e8cd,9,3,3,1,5,9,7,9,9,3,1,9,9,8,8,8,6,5,5,2,1,7
11df7249-a743-49ea-2096f5d142fa,5,2,2,1,7,3,2,1,7,3,1,5,10,5,1,7,1,6,7,2,5,5
df15b69b-c8a2-4c60-83c849eee513,8,3,1,2,2,7,6,2,8,6,2,6,6,4,1,10,2,10,10,2,2,1
bcc1215e-2860-4704-db9c3582ddf9,9,6,7,4,8,9,7,4,9,8,5,8,9,5,4,5,4,5,6,4,8,7
2f24a062-cc94-45fa-409cd0b9be9f,6,2,1,1,1,8,6,5,6,4,1,5,5,9,2,7,9,5,9,1,10,2
b4669d84-c19f-4008-ee75cc594995,6,3,3,1,1,7,6,4,8,3,5,10,10,8,1,10,3,10,10,4,5,2
e55246bb-1ca0-4666-973f154e0979,8,6,7,3,5,7,7,7,8,7,4,7,10,7,6,9,2,7,9,2,6,6
16a7922f-218a-492a-79fc337fc318,3,4,3,5,6,1,4,5,7,3,2,9,9,5,1,6,2,4,8,1,2,5
49a2473f-ec9c-46b6-acc540e85465,6,6,7,6,3,3,6,4,7,6,7,9,10,9,3,6,8,6,6,8,9,6
f1275828-6a0b-435a-83db8f594185,8,4,5,3,5,8,2,1,9,7,1,10,10,2,1,3,1,2,2,2,3,8
9447bfb5-3d24-4adf-4dd22db79166,8,6,7,6,9,8,10,8,8,9,10,8,7,5,4,6,7,6,8,10,10,8
5baa6616-f2e5-4463-a66eb2d86854,8,6,6,5,7,9,4,1,7,7,5,8,8,7,2,6,8,5,4,5,7,8
7fd4acdf-5184-4a10-c5fb9b8917c9,7,1,1,2,10,1,4,8,9,2,4,10,10,7,1,2,3,4,1,1,7,10
2439a203-2b98-4a85-b4376705889f,4,1,1,1,6,8,3,7,5,2,1,6,9,1,1,10,6,3,10,1,1,1
c579ec59-40c5-43f9-f133db76204f,6,7,7,5,5,6,7,1,8,4,3,4,9,7,2,8,8,8,7,5,6,7
4047d54d-aab0-4d83-4814f3faf828,3,8,8,8,9,7,9,2,5,7,8,8,10,10,3,7,5,5,7,9,9,7
4ffa49b4-fec6-4596-9673eb961eae,2,1,1,3,3,5,3,4,3,3,1,4,5,2,1,4,3,4,4,1,3,4
64e93378-4012-4c0d-e72702b5ef41,3,1,1,5,4,5,1,3,6,2,3,5,6,1,1,7,5,4,3,1,7,5
013a5fe8-33d1-4457-86822fa46450,1,1,1,1,1,1,1,1,2,1,1,2,1,1,1,2,1,1,1,1,1,1
15d9f245-4095-4482-ec9c6cd41f8a,8,5,2,7,10,6,3,5,10,7,1,10,10,7,1,7,7,6,8,4,2,9
0d637ad0-014a-4fd4-7f423d67c32b,3,3,3,2,4,3,4,2,4,3,3,4,3,3,2,3,2,3,3,3,4,3
907ad76e-3dd0-43f5-5d1e8cf3ec64,6,1,2,2,4,6,8,8,8,7,3,9,10,10,2,10,1,9,10,1,9,9
e087499b-d13e-40fc-e02cd706fb2e,7,4,3,6,4,8,8,10,4,5,2,6,5,5,1,6,2,3,3,2,9,10
54283217-d239-4dcf-dceb829d688f,0,1,10,0,8,10,3,8,8,5,1,8,8,1,1,10,10,0,10,1,10,10
41a09049-08a4-44b2-9c709a598748,7,2,1,3,6,6,7,2,8,2,5,8,8,10,3,6,3,6,7,3,3,4
b1e20510-d57c-43eb-d6c037a86f73,1,3,6,4,5,4,5,2,3,5,1,8,10,4,1,8,1,6,10,1,1,6
202cba34-3348-40de-c0043d5eed61,8,7,10,7,8,8,7,9,10,10,7,10,2,10,1,8,3,9,3,7,2,6
4e097839-1ac5-424a-c33cd29f384e,8,2,6,2,2,9,8,1,7,6,5,7,10,9,2,8,3,10,10,3,7,6
a6112239-761a-4e63-540e27c10787,5,3,3,4,3,5,4,3,4,4,1,4,4,2,1,1,4,2,1,1,2,1
23a6a7de-7ed6-43b5-793ae1a607b6,8,5,7,10,10,5,9,3,9,7,7,9,10,5,2,7,8,5,6,5,5,9
8fdf5b75-133f-493b-b66b7646c9b4,7,3,2,1,3,1,4,2,8,3,1,9,8,8,1,8,1,5,7,1,1,10
7a2ab0c7-e1df-41ae-8666e0adacab,7,3,10,3,7,10,8,7,9,8,7,8,8,8,7,5,5,3,5,6,4,7
e145f1e8-c25c-4f5b-e9ed2976b65c,4,3,3,3,2,5,2,1,7,6,1,9,9,10,1,9,1,5,6,1,5,3
22748d12-26c3-4ffd-4d2359e1d648,8,2,5,3,6,8,6,4,6,3,1,3,4,1,1,4,8,4,3,1,4,3
19e39a56-3d92-431c-8301e76a83d3,0,0,0,0,0,0,0,6,0,0,0,0,0,0,0,4,0,2,1,0,3,5
b3d6d6c4-9b7e-4e81-7fa71f858d96,7,8,6,3,4,4,6,8,9,6,5,8,10,4,1,6,6,0,0,4,3,5
562f9a33-e9d4-445f-54610a6c15d8,4,4,3,2,3,3,3,2,4,4,3,4,4,2,1,3,2,3,3,3,3,2
49791817-5dc8-4786-dadb70246100,3,1,1,1,8,1,1,1,10,2,2,10,10,8,1,10,1,2,5,2,2,2
268ef0c1-7d64-4d10-40c6586c7352,6,1,1,6,1,6,3,3,6,6,4,2,4,2,1,8,1,5,5,5,5,5
473cccdc-15b3-4ddb-fe42422e2056,7,2,3,2,2,9,9,8,9,9,3,8,10,9,8,9,9,7,5,2,9,2
24ad773a-b00d-4607-b9c5b28d2812,8,3,3,6,3,8,9,4,10,3,3,3,7,9,4,9,1,1,1,1,1,7
647251d8-1efe-42b7-c424a8f93b1a,5,1,1,2,3,2,4,5,3,1,1,5,9,7,1,5,1,1,5,1,2,1
8af45de4-7299-4508-e7c7bbf4dc8e,6,1,1,9,10,10,7,5,8,6,3,8,10,6,1,10,4,5,9,3,5,5
0904e718-e549-4e01-1b474f08d58e,8,2,5,7,2,0,10,2,10,2,8,7,9,2,1,5,3,2,4,9,9,2
9bfb7c71-85cc-4169-2bbcdae37661,7,4,3,7,5,6,6,6,6,2,7,7,7,6,6,6,2,2,5,1,1,1
9f431ca1-b3c8-4df7-5e884f1438c6,1,1,1,1,1,1,1,1,3,1,1,5,1,1,1,2,1,1,6,5,2,8
cbf3fe36-7e07-4e23-93ea7eeea21a,8,8,8,8,8,8,7,8,5,6,1,6,3,1,8,7,8,6,2,1,8,7
033cdee2-a2fa-4885-f09596de5ad3,7,2,2,1,6,6,1,3,7,1,1,6,7,4,1,2,2,2,2,3,7,3
4a528115-93b3-4aac-12dab95ae9a3,8,2,2,2,1,1,1,8,5,1,1,6,6,10,3,7,7,7,5,1,5,3
a680be9a-a100-479d-a6a53a27d1ed,6,4,4,4,7,10,2,3,5,2,1,5,2,3,1,1,3,1,1,1,6,5
f6b7168b-09a8-40c9-4524645b598a,5,2,5,4,5,5,4,3,6,3,4,5,7,5,1,7,2,7,7,4,5,5
ce266376-e269-48f4-88af3de6580b,8,5,4,7,10,4,7,1,9,7,8,8,9,1,1,10,1,6,8,8,1,7
dd1cb0ac-888d-4060-575f0372bced,1,1,1,1,1,1,1,3,3,1,1,3,9,9,4,7,3,1,8,1,9,10
189e9698-97af-463e-b8bb7b8a7dd5,6,6,3,1,9,1,8,2,10,10,8,9,10,5,1,10,3,9,10,7,2,8
bdfe7a64-4777-4c1d-78946de14d7a,8,1,7,7,8,9,4,1,7,10,4,6,10,2,4,1,1,1,2,4,1,6
38285cf7-6449-4185-ebd870e87fa2,5,3,3,3,3,7,4,7,5,2,1,5,5,5,10,7,9,8,8,1,9,4
ea6abd44-bcc8-41e3-3e243c1aa316,8,7,6,5,8,5,3,2,7,5,1,7,9,4,1,6,1,5,6,1,6,9
7ddbf86a-2eb2-43c4-7a569adbb2eb,7,3,2,3,4,8,7,4,4,9,3,4,3,3,1,4,5,5,5,2,3,9
c527fe8d-2a7b-48b7-adec0b836181,6,2,2,2,1,3,1,1,6,6,1,6,10,9,1,8,1,8,8,1,7,6
cd775dc3-cd59-4428-a70f4428adba,3,1,2,1,7,1,6,1,8,4,3,7,10,10,1,10,1,3,10,4,7,9
6d557434-4d72-4722-12f86f307362,10,10,10,10,10,10,10,10,10,10,10,10,10,10,5,10,10,10,10,10,10,10
e805213d-bf13-4e69-7ac2c36a31a1,8,0,0,0,0,10,0,0,8,9,0,0,10,0,0,0,0,0,0,0,6,0
e75c49fc-ab89-4e6d-97eb2f960b02,8,8,6,8,7,10,10,10,8,8,3,6,3,8,3,3,10,3,3,3,3,3
d7bb319d-c9ff-4195-5fe6c53f02ce,1,1,3,1,5,4,4,1,5,3,1,5,9,8,1,6,1,5,7,2,2,6
98e7dd8b-2613-4683-11b037cb3795,7,7,8,8,8,7,7,5,7,8,7,8,10,7,4,7,9,9,8,6,10,8
d359a6fb-85e8-4114-f45aaaa536d9,8,6,4,4,5,8,0,10,8,6,3,10,5,8,8,7,1,8,8,2,1,8
ed7d8215-b7d1-4dcb-0a7ae07d132c,10,10,8,10,9,9,8,10,9,7,1,10,9,4,3,7,10,8,3,1,10,9
bbcb7738-f092-40b6-e4c8f6984261,8,3,5,5,7,10,9,5,10,5,9,9,9,3,2,7,4,8,5,4,9,4
02f0680f-f59a-4696-afa5e0102e36,4,3,3,3,2,2,10,1,10,6,8,10,1,6,1,10,1,6,7,4,1,2
5e91fca9-86ff-4b2f-d9ea8bc1ed19,2,4,2,8,5,1,8,2,5,5,6,7,10,5,1,10,1,9,9,7,9,7
8b1dfaeb-372e-437d-bd59ec668e68,6,3,1,2,10,1,3,4,9,2,1,8,10,8,1,3,1,3,5,1,3,6
0e27d3bb-377a-4fef-3f60f6ab973c,7,3,6,6,7,4,8,3,7,5,3,9,9,6,1,6,4,5,6,4,8,9
0b817cc5-c5f1-4b1c-cdd5b114a9bb,4,6,3,5,7,0,5,4,5,7,6,4,7,1,1,1,1,6,4,1,5,1
88a39b61-9cc9-4d8d-91a7a155f40c,6,2,5,4,5,7,3,2,8,3,2,7,7,6,3,8,1,6,7,2,6,6
a51e3790-042b-48e0-e68e6dfcf627,8,2,4,1,8,7,8,7,9,7,4,9,9,6,4,7,1,2,6,3,2,7
c1680e18-37c7-4de1-edf264a47a7a,3,6,4,4,10,7,1,2,7,3,1,5,0,4,1,10,10,6,10,6,3,10
a1003558-0d9f-432d-17d58f40fc0e,3,2,3,3,4,6,7,2,8,8,2,9,10,10,1,8,1,6,6,2,8,6
c1f17794-2321-4b6c-ef190c6ebcb3,9,2,4,3,6,8,3,1,9,2,5,10,10,7,2,7,1,8,6,5,1,6
5e851508-e24d-4f63-1f2177cac7fe,5,1,1,7,5,8,7,4,7,3,1,7,5,9,3,1,1,1,1,1,5,5
da159d1e-3afc-4734-2b506cf667c7,4,5,5,4,4,4,7,2,6,4,5,6,9,8,3,10,4,7,10,5,5,7
35eb7ebe-e38a-4366-0f0caa3e7117,3,1,1,2,2,2,3,2,3,5,4,4,9,10,2,10,3,7,9,4,6,10
3184ad96-8cc5-4486-802b57d72a41,10,7,8,3,10,10,2,7,8,3,1,6,6,7,7,10,6,9,10,1,7,6
5b836436-ff4a-4f77-4a53a6bacac1,7,7,5,5,7,6,4,5,8,6,5,9,10,10,6,6,5,6,6,6,9,7
34fb1003-a35b-4e6a-ca1998285a24,3,2,1,1,1,4,3,4,3,2,1,4,2,4,1,3,1,1,2,1,1,3
7af7f1d0-3c89-4f6b-be2ba41f197a,7,2,4,3,1,9,3,2,9,4,7,9,10,9,1,10,1,9,10,5,2,1
b378f410-8b1b-4cd4-69d2f199672b,8,6,5,6,8,2,5,5,9,8,3,7,9,6,1,8,4,7,9,3,2,6
cf700556-8a8c-4a8c-5625309fc241,6,3,5,2,3,8,10,1,9,7,10,7,10,9,1,10,4,10,10,8,3,7
c9c8a27b-8794-4bc1-f6f29ad36b24,5,3,3,3,5,8,8,3,8,8,3,8,8,8,2,7,2,8,8,2,8,8
4eedd3fe-34a1-47d0-56b78e3f598b,5,3,6,8,7,2,1,1,8,8,1,9,10,8,6,0,3,10,9,2,1,4
d6aecf82-6e3d-4609-7a8497f5750d,7,8,5,7,3,6,6,6,8,7,10,10,4,4,1,4,4,5,6,10,3,6
0076ca01-0a84-46bf-29895aa9dddc,5,5,7,4,10,2,6,2,8,5,5,7,9,7,1,7,4,5,7,5,4,7
fc2a1520-1d18-47e1-cb374f21a136,0,0,9,0,0,10,0,0,8,7,0,6,1,0,3,2,0,4,5,0,0,0
0dcb8985-d6d5-4e31-e6147c7f60f2,3,1,5,1,9,8,1,1,9,1,1,8,7,8,1,10,6,10,10,1,1,3
83173e64-5abf-47a2-50ec64e7e308,1,1,1,1,1,1,1,1,8,1,1,10,10,7,1,9,1,1,10,1,5,5
f3251008-02d2-46b7-473d5d78f75c,10,8,9,9,9,8,10,10,10,9,10,10,10,10,4,10,10,10,10,7,10,10
57b762c0-7acd-4703-1cae40ac4246,6,4,5,7,3,8,6,7,7,3,3,7,8,5,10,4,8,7,7,2,8,6
a3dbee2b-a042-44ea-a0b74c648a50,5,3,3,3,4,7,7,3,5,4,1,3,6,4,1,6,3,6,6,1,3,4
af5a563a-ee7e-421a-ca3358de1e46,5,4,3,5,5,3,5,2,6,4,4,8,4,6,2,5,1,3,3,7,1,7
2f351bba-a65f-4b41-b823e9483aa1,7,3,4,2,7,7,6,5,9,5,5,8,10,2,1,8,1,7,8,6,1,10
16849f19-1532-47fe-d08f41840e3e,3,3,2,8,3,2,2,3,6,2,2,4,7,5,2,10,2,9,9,1,2,10
3918ec44-3c5d-42a7-619e27214076,6,6,1,1,1,1,1,1,1,1,1,1,1,1,8,8,1,1,1,1,1,8
a0728a02-3ac0-4845-3835bf784949,7,1,1,5,6,4,7,5,9,7,3,9,8,9,7,8,1,7,5,1,1,9
2991f3d0-5dd9-4edb-9cb69933ce77,5,1,1,2,2,4,8,2,3,1,2,2,9,8,1,10,5,8,9,2,10,1
7a6e7333-c2c0-4c6a-7490b7bde5ca,1,1,1,3,4,6,5,6,2,2,2,4,6,2,7,7,7,3,2,3,4,3
979e1310-6cc9-4965-105d6d347b51,8,7,7,7,9,5,6,4,8,8,3,9,8,4,1,7,4,8,9,3,8,9
0777ccb1-0a79-40c2-36f7f81eace5,6,5,6,6,5,5,5,6,7,3,7,7,9,3,5,5,2,1,1,8,1,2
ca527d0e-6e9c-4619-6be68515fbef,6,7,5,7,8,3,7,5,9,4,3,10,10,5,1,7,4,7,7,6,3,9
4117f743-554f-4d7a-8419da348371,8,7,7,7,9,9,10,1,7,9,3,7,6,2,1,7,1,7,6,1,6,7
92c55357-9777-4631-9ab3060b1aad,7,7,9,5,7,7,8,6,9,10,5,9,9,9,3,10,8,10,10,5,9,7
9f43d5de-ec15-4d86-df327598c2e2,5,3,5,5,5,5,6,3,5,5,6,5,8,9,2,9,2,6,9,8,2,8
db8692bc-5446-460e-0e6fa0cd9ca5,0,2,2,2,6,2,8,1,8,10,10,8,10,4,1,10,1,6,10,10,1,10
6ee7f02b-07d8-49a1-4901bcb56bec,3,2,1,3,5,3,1,1,4,2,1,4,4,6,2,1,1,1,1,1,1,2
f3ba16a5-da16-4caa-597e37e6ddb8,7,5,3,5,2,3,4,4,5,3,6,7,3,5,2,4,3,3,6,5,5,7
2964306e-6564-4dce-edf30b6c597c,7,6,2,2,10,6,4,2,8,2,4,7,8,7,1,3,1,1,5,6,1,8
39edcd6b-dd39-4d00-4616b95d9a0f,6,5,6,4,8,4,5,5,6,7,7,6,7,6,6,7,5,6,6,7,5,8
cb810836-fdbe-4875-f17b71e48232,8,7,3,8,5,10,5,3,7,7,8,7,6,7,1,6,1,4,9,3,5,4
dd7d9c2f-f22f-4d5c-eab1c0fb55db,10,1,1,1,1,1,1,1,1,1,1,1,10,10,1,10,1,1,1,1,1,7
73d6c024-f71b-4798-d60a5ec0569f,4,1,1,1,1,1,1,1,6,1,7,7,7,7,1,3,1,1,1,4,1,1
f93c6bad-2e7c-4fcc-e2ea1609475c,1,7,8,1,1,7,2,2,9,2,1,8,3,1,1,9,10,2,1,1,5,10
8fe7f9e0-f400-4c11-96f314ebe356,7,7,6,7,8,8,8,3,7,6,8,8,6,8,3,5,8,8,5,8,8,7
44bf106c-0ee0-406c-1ca1ffdc9645,6,5,5,5,5,5,5,5,5,5,5,5,5,5,5,5,5,5,5,5,5,5
07d146b5-dd25-413d-7484a1cfc2ff,1,1,1,1,1,1,1,1,1,1,1,1,5,5,8,8,1,8,8,1,1,8
c59fd06b-f160-4b38-de2c6bb192df,7,4,3,3,3,10,7,3,6,5,8,8,8,10,8,7,7,6,6,5,4,6
0d7ad56d-d0e3-498a-6e578ed8fd4c,6,1,9,7,3,10,10,1,7,8,10,9,10,10,1,10,1,8,1,10,2,0
1dbe4b84-25fd-42ea-cac5a1cea253,8,5,5,6,4,8,4,2,9,3,1,8,9,3,2,7,5,7,7,3,8,4
6e8e8286-57b5-41b4-c4ea7fe6e64f,8,6,4,6,7,9,8,8,4,3,1,6,4,1,3,3,6,2,2,1,3,3
7785fd40-86a3-45da-188afa411b40,7,4,2,7,7,1,2,1,7,4,7,9,5,4,2,6,8,2,6,8,8,8
2e80a3ce-e327-40f9-79aada4fbe26,3,1,2,2,2,2,2,2,6,2,6,8,8,8,1,7,2,6,5,7,2,8
5873ff02-9f8e-48f2-38d7d8e078cb,8,9,8,8,8,9,9,8,8,6,3,5,5,5,8,8,8,5,5,3,7,7
5866e5fa-024d-484a-2eab6a156641,3,1,1,1,1,1,1,1,1,1,1,6,1,1,1,8,1,1,1,1,1,8
1bc38983-feb3-4857-f648c930fcea,4,4,4,4,4,4,10,4,10,7,10,8,10,7,3,5,6,7,7,8,7,4
af7693e1-d0f0-4c50-f559f5caca6e,4,4,6,6,9,3,8,6,9,10,9,9,10,9,1,10,9,10,10,9,10,5
1d336fd3-1f9c-43a0-cd084414eb61,6,3,3,3,6,8,8,6,7,8,9,7,10,4,2,6,1,5,7,9,1,3
ded754f2-8e4f-46f7-b59b-935c03534cad,1,1,1,4,8,5,9,7,2,6,1,10,5,9,7,1,7,3,2,8,7,8
4107264d-27d7-4e56-87ad-50f1c43e9f98,5,2,6,2,3,6,7,10,6,10,6,1,5,6,4,1,4,6,3,6,2,6
43a20531-d251-494d-8107-51847e995660,1,5,10,6,7,8,3,10,3,4,6,2,10,5,6,8,3,3,8,9,3,6
02827be9-59e8-4462-a09f-1a186911d019,8,4,10,2,5,3,5,5,4,8,8,9,9,6,4,10,2,5,3,8,6,2
4f26be8d-f00a-4444-a446-be32fbd92128,5,3,4,8,7,1,6,3,4,9,6,5,5,5,4,7,4,8,5,6,10,4
ad9864b4-5a01-4529-a680-c82e601a9e2d,5,3,8,9,5,10,1,7,4,10,5,5,6,10,8,4,9,9,8,0,0,4
16e627fb-c873-4468-9d7e-e1a1490090be,1,9,1,10,10,9,4,4,9,6,4,10,7,8,2,6,6,3,6,10,5,5
35667445-0c0c-4c13-890e-3751f3e26d8a,10,8,5,2,2,10,7,5,9,8,1,7,7,4,5,9,4,4,9,5,10,4
338e2d76-f41b-435f-b741-7b515091ee7a,8,6,1,1,1,7,9,3,4,1,8,6,2,7,1,6,9,10,5,10,4,2
2f5f8476-45d1-4a64-9f08-f5fbb8d0390e,10,5,8,10,4,7,9,2,3,1,1,8,5,2,2,7,7,6,5,8,4,2
9a5f3ddd-fafb-4429-be71-f049ba02a786,8,1,5,7,6,1,3,2,9,8,1,6,4,6,9,7,4,9,9,2,0,6
adcece0c-3412-44a4-b5b9-afaa23b40a31,4,5,8,9,8,4,10,3,8,7,5,1,4,3,6,4,6,3,2,3,8,9
ad388f69-5341-4db2-8492-b558bb60c5b3,1,9,10,10,7,9,8,10,9,6,1,7,4,4,4,4,7,9,3,4,3,9
bebe1d5a-532b-4867-bf07-300e3bd1a922,6,1,9,3,2,9,4,7,5,9,10,8,5,7,6,5,8,5,7,6,2,8
e8c14ebc-44f3-4e10-a1d3-c394ecb0825b,7,7,6,3,3,10,10,9,2,3,9,4,1,9,3,4,4,10,0,8,9,2
af81d785-beac-4a49-8062-1628b10cf9e7,5,3,10,3,4,2,9,5,8,6,8,5,5,9,7,9,9,6,6,5,2,4
88801e66-6e70-4c6f-b952-f228042f3ab8,7,7,2,1,9,6,4,6,8,5,6,8,6,3,3,6,5,9,9,2,6,4
a2f521a8-c72d-471c-b5ce-731b52284369,8,2,3,2,7,5,1,4,10,7,1,10,6,8,10,7,8,7,2,3,3,5
8f9eeed9-5d39-48ca-ac26-fd06e7f3bf30,2,5,3,1,9,3,3,10,4,6,4,2,7,10,3,1,10,10,5,5,0,6
bb3f3735-55ad-4ecd-bce5-e9629f8206db,5,1,4,8,9,1,2,4,8,7,10,7,9,1,9,3,9,7,0,0,8,8
60de7dcc-7a62-4e7f-a550-4e97f6db271f,1,10,5,7,1,1,10,10,5,9,3,2,2,8,7,6,5,9,9,10,3,3
a3ffb87d-29c9-42c4-bb3d-d2bf16aa0401,10,10,8,6,4,7,8,2,7,7,4,1,7,5,8,3,2,10,6,6,7,2
d02fc8af-8a8a-4a21-b594-38b40ddd63a6,2,9,8,8,3,2,2,4,10,2,3,7,7,6,10,4,4,5,5,4,10,1
26ff04aa-c97a-4178-bf95-65d612606a42,7,7,8,2,2,8,6,1,7,9,9,7,8,1,8,7,2,10,2,6,9,5
ee4ffb5d-3fe9-44c4-925a-d5ebca65a0e9,4,9,2,10,9,9,10,2,4,9,3,7,10,3,6,2,2,5,3,6,0,9
4dc2b2ec-ef3e-43e7-aa72-d21cea9a0ee4,10,10,9,2,5,2,6,8,4,8,9,4,8,2,3,3,3,8,1,6,9,10
8dc01446-4bd8-4bd0-8475-976b5ceb26de,2,2,6,10,2,5,7,4,7,1,2,6,6,8,2,8,7,2,1,4,5,1
f91571fa-a728-49cb-a13c-bfc3f78f7e71,4,10,8,2,4,10,8,8,9,4,4,6,10,10,10,8,6,8,3,7,4,10
eb2b9043-8b43-4de8-9674-97b0c46d3f66,10,8,6,2,5,4,2,6,8,6,1,2,7,4,8,6,6,6,7,7,2,8
284e2e66-12e1-4572-9840-927922fe1235,3,2,7,10,3,1,8,1,2,1,4,6,5,1,5,2,4,4,2,10,5,7
05366c01-b85e-4677-bb53-c18b2f54976d,1,4,9,8,1,3,8,8,5,10,3,2,4,2,7,6,3,5,10,1,6,5
d2bfa8cd-4aaa-4986-b478-51354e9436ae,3,6,6,3,4,7,4,7,4,10,1,7,9,3,1,4,5,7,4,0,10,9
209eeb20-8f75-4576-9c06-5fe02ab85a16,9,8,7,7,10,2,6,8,5,9,9,8,8,1,5,9,10,2,0,4,8,0
bc9af498-7a5d-423c-b592-fb33f54fe573,7,9,9,9,1,10,3,8,5,8,6,2,5,9,6,5,7,10,7,0,4,0
ad37e6ef-4db3-4f19-9e28-cd12cdbc9ed3,10,1,9,3,5,9,8,10,2,7,10,9,4,9,1,1,7,8,4,1,1,2
b8448b01-11d7-4201-ab62-6b17c917f807,6,3,8,2,4,9,9,10,9,3,6,3,3,1,1,5,7,2,0,10,4,3
b3a59eb3-a1cb-4758-bd88-10ca4325d66c,2,3,4,7,5,9,3,4,7,3,7,1,4,10,6,3,4,2,10,5,0,6
7247f990-b929-4c94-8ae2-7d6c4a7aba3d,8,6,1,1,6,2,1,2,9,5,10,4,1,9,3,8,1,8,9,6,9,7
867799ec-7176-4027-871c-996205fd7c36,10,6,7,5,2,3,10,3,2,6,4,5,1,4,7,5,5,4,3,6,0,6
d4756a54-fd07-4ae8-bcb8-b577caa2d7f2,3,10,10,1,6,9,6,4,8,3,9,10,7,7,6,4,6,7,4,10,6,10
d3649169-a3b4-47b4-a2a4-5f56f35c8050,5,5,9,7,8,8,5,5,9,4,9,6,3,4,1,1,8,10,4,8,4,8
44db3496-b818-43e6-8082-40c544ff7312,3,2,2,4,8,4,3,4,8,10,5,8,1,4,6,6,3,3,8,4,9,9
33baf49a-c2c5-467a-b9db-e2e69f749755,3,4,8,9,7,10,1,6,8,3,3,3,6,5,10,6,4,10,3,7,1,1
ce307411-646b-45c2-8f14-1081a7122796,2,10,1,2,10,3,3,2,3,10,1,9,2,5,2,7,4,2,8,9,2,10
edd71422-f07d-4f53-9274-56832d295281,5,10,7,9,7,1,2,1,4,3,4,8,8,6,3,3,10,8,3,2,0,8
dbfcbef1-0158-412b-8a3f-a0c5c0a1f614,2,6,9,2,7,6,7,4,3,9,9,5,9,1,10,10,1,5,2,0,9,2
8d04da48-ef88-4081-a220-0b84a3217c09,5,1,10,2,4,5,5,4,2,4,4,1,8,10,3,8,5,3,3,8,4,1
56607f6c-8612-4c09-b6c4-05ea77efb8bf,3,3,5,9,6,8,8,1,9,1,2,4,7,6,6,6,2,4,6,8,5,10
6879835e-d281-464f-8298-e6c3c8b8730a,4,5,5,2,4,9,4,1,8,2,2,2,6,7,7,9,4,9,4,2,4,9
41f57477-cf6c-43a8-8a65-a7413e60db5c,10,2,9,10,3,9,4,3,8,4,4,7,7,8,2,2,10,1,5,3,9,5
5194edac-019c-4c78-9933-99cffc85d78f,2,4,7,8,9,8,7,4,10,2,5,7,6,1,2,6,2,6,10,4,9,8
5e5f69dd-5ed4-40c7-ac1e-e5b4aa289011,8,7,4,5,2,3,10,10,10,8,4,10,8,4,2,9,8,8,9,9,0,7
e7942cf9-bdb2-40f5-8a7b-9a8df514ee06,9,10,4,5,9,7,5,9,6,3,2,5,4,3,8,10,9,8,10,8,4,0
dc92b415-afd4-4fb1-aa89-510dfc45477a,10,8,3,8,4,1,4,7,4,1,3,1,10,5,2,10,6,9,9,3,7,0
b08d83ff-a507-4694-b428-a7f67645ad81,6,2,10,4,5,4,4,7,10,2,7,10,10,8,3,7,2,3,6,9,10,7
945a0d01-0b06-4f27-b1e6-336360ca6749,9,3,4,7,1,4,9,1,7,7,10,6,5,4,3,10,2,1,3,3,5,7
dd1e629e-58fb-43f1-9047-9f57762c19b3,9,8,3,10,10,10,9,1,4,1,5,3,5,2,6,2,5,4,1,9,6,10
b1eeecf6-9522-48a2-a1df-0f892a56d8c8,10,5,3,10,3,7,7,4,5,1,2,8,6,10,8,10,3,3,8,3,2,2
43f7b532-fd65-4d83-98fa-4792a2f6525d,1,10,2,8,10,9,8,9,5,5,1,6,3,4,8,8,2,9,10,9,5,10
768f2fab-670f-4b5b-98e0-a1487e365180,10,10,3,6,5,10,5,8,7,8,2,9,4,5,9,3,1,3,0,8,7,1
6ac5c44b-bc51-414c-97ea-5ae993d20f80,4,8,5,6,1,1,4,9,4,6,2,6,4,5,3,9,7,5,9,5,5,7
796ac62a-d303-4830-ab7d-06d27ddce7cd,10,7,10,9,4,3,8,2,6,5,8,10,5,10,8,7,4,3,4,10,7,9
5c936709-cd34-4af2-b54b-f4c66d7270dd,10,3,5,10,6,1,10,6,2,1,5,2,1,5,5,3,2,6,9,3,7,6
65340c60-6ee4-4081-bf34-0f2263c2d745,8,2,1,3,1,4,5,7,7,2,6,8,5,7,4,8,10,10,8,10,1,6
6bc98496-8398-4ebb-b592-e51429d5ee9b,4,7,5,3,9,8,5,3,2,10,3,1,2,10,10,4,6,3,8,4,8,6
943079a4-41da-4b25-9087-53cde9559f4c,9,10,3,4,6,2,9,9,2,1,9,6,6,1,6,6,8,8,1,3,7,0
347cabbe-f624-4e1a-921b-5d752d973a0b,6,8,8,7,1,4,5,6,4,8,8,9,6,8,7,7,1,2,0,1,1,4
f83c5929-7bb9-4c9e-af35-ec2f983be554,8,8,7,5,8,2,7,5,9,7,5,5,3,9,7,9,1,8,1,3,0,1
b510a470-91ee-48a2-ac23-9026f59877f2,1,1,4,8,7,1,8,10,6,7,5,10,9,8,10,6,4,9,3,7,2,6
b2209f67-c4ec-4601-b92e-fe75f71f02ef,2,10,3,3,8,6,7,8,10,3,10,8,10,8,5,3,7,6,9,7,9,9
db7c9c97-a83a-47ed-9d07-0c581e7cde02,6,2,3,7,2,10,1,9,8,8,3,2,3,2,1,3,8,10,5,7,2,5
5e7875fa-c78a-4f90-b517-d83a22d744f8,1,2,3,7,3,8,7,2,4,1,6,9,8,5,4,1,7,9,4,9,10,4
5b508aa0-282d-4456-98cc-c8aa98f5bd0d,6,8,2,8,6,8,8,3,4,4,1,2,5,10,3,1,9,3,10,3,5,4
c3a0f319-7e46-4586-9d67-31d6be0595b4,2,1,1,7,2,4,7,7,6,2,5,6,8,10,1,3,6,1,6,3,9,10
46062fc0-5a0d-4ff3-92df-f1831b79b893,1,4,6,2,4,1,7,6,1,7,8,4,5,5,2,7,5,8,8,9,8,6
2769d5af-f79a-40e3-92c6-c6904c99174a,5,5,3,3,3,2,3,3,2,8,1,3,2,4,1,8,5,10,0,8,1,9
e052c158-b495-443a-9c96-563d4241d455,9,2,8,10,1,3,8,1,4,3,3,9,8,1,4,9,6,8,2,6,3,6
70008a05-4310-425a-b6fd-aec65116dc5d,6,8,6,4,6,9,1,10,3,10,10,8,8,7,6,10,4,5,10,4,8,5
90aeb940-0a19-471f-b57d-f8d2ef7fabf1,2,5,5,10,4,5,2,8,1,1,5,10,2,1,4,1,9,6,6,5,5,8
49537369-8a67-44f5-8aef-e635cbfe2cda,10,6,7,6,1,6,5,10,2,5,5,3,5,8,4,1,2,4,10,4,3,10
b4e1caf4-8683-4b96-b4b9-6cc73e650ca9,6,8,10,3,3,1,5,8,6,10,6,6,4,6,3,2,10,5,2,5,7,5
322f1f30-ec0f-472c-9665-d994f0e77c74,5,10,10,3,6,10,7,8,3,10,1,1,8,10,9,1,5,8,0,2,6,9
94c79e5f-fc70-4947-a0d7-df51d092407d,2,8,3,8,4,4,7,6,10,3,3,1,3,7,6,5,8,2,6,10,7,1
63be9e9f-f8df-4798-84c5-e5a35fa28b86,9,9,1,8,7,10,2,8,5,2,6,4,4,9,1,5,10,10,4,10,10,3
70db09e6-02d5-40be-be61-c6fa3a51fdf7,8,7,7,10,5,1,2,6,2,5,10,9,2,2,6,8,3,2,2,8,9,9
bc7b0d69-004a-404c-bea6-a336aeb36de4,7,2,7,3,3,3,9,3,5,1,6,3,5,3,1,1,5,10,9,8,10,7
dd527942-90d8-4567-8724-632f69f8e3c5,6,9,2,5,5,10,10,6,4,3,3,3,1,10,10,1,9,10,10,9,9,5
94e733e6-93c1-4359-876b-50b8210741b4,4,2,5,10,1,4,3,2,8,8,10,1,4,7,1,4,1,1,6,5,0,0
f9e47813-13f0-43b5-9aa4-b3a1dd263f6e,7,2,10,9,4,3,10,3,2,5,5,2,8,4,5,4,5,5,0,2,4,0
dbf5d18c-e31a-4263-8f0e-a3b979cf776e,4,6,7,6,2,9,8,2,8,2,3,9,6,6,9,6,8,10,4,5,8,7
10da64b3-9db7-46a4-9f2b-471d0ad2f74b,5,7,2,6,5,1,3,5,7,5,4,5,7,2,9,9,8,1,8,6,0,3
49e230ce-2fa0-4f41-a86d-81950a2101f8,8,4,7,9,6,7,8,1,2,2,5,9,7,2,3,2,7,8,10,4,10,6
9f383d6c-cd7a-4beb-927e-1cf13db58742,9,4,2,7,3,6,7,2,6,1,1,5,6,4,5,4,4,1,7,7,3,4
72d1014b-d00b-4837-bc0b-0ac0ca53e9ef,4,4,7,4,5,2,4,4,10,1,7,3,9,3,4,6,1,4,7,7,1,4
7404023d-3376-4aa8-af3f-c7a69590b5d6,10,8,10,7,7,4,7,4,1,6,3,5,8,7,1,6,10,7,3,2,9,0
85e03264-8e46-4737-ae42-3a0704a86fcd,7,1,3,1,4,5,5,4,2,1,5,6,4,8,5,4,6,2,3,8,0,1
547607a8-3045-40a8-8358-46212b967be4,7,5,1,8,5,6,9,1,3,10,10,7,3,2,9,5,3,9,6,3,10,1
d39be315-bdfb-458f-ac91-caef1b79442e,5,8,9,3,6,3,2,3,1,9,6,6,2,1,10,2,6,1,7,1,2,6
0ecfc457-55bf-4488-a616-d225adff5695,10,7,3,7,8,3,6,10,1,5,5,10,7,6,2,5,3,4,4,9,10,2
8c74aca7-1230-4878-b0e5-38078a8da259,1,6,10,6,5,4,10,6,8,7,1,7,7,7,7,10,6,8,2,0,8,1
0f2d2075-6769-44f9-b35b-d85874c1919a,3,8,9,3,1,6,1,10,1,3,1,1,5,5,1,7,8,10,6,8,6,5
28233dbc-cb3d-40c1-8a89-670a0322db9e,7,9,10,10,4,4,2,1,7,9,3,10,9,2,10,3,7,10,4,9,10,10
6e46bf75-912b-4354-891a-ad30837da84c,8,5,7,6,10,8,10,9,5,10,7,9,4,6,3,3,3,5,3,7,3,0
64b94fc8-2bea-4539-982c-f11039e23608,4,5,8,10,3,9,7,6,7,2,2,3,2,1,6,3,5,5,1,4,4,1
18f22109-dd3e-4426-9b36-f8cd64f25d92,1,2,7,5,1,5,8,4,6,1,3,4,7,9,3,4,9,3,5,5,9,0
e3b1be95-9fe5-4084-90ce-9ea1b0c45153,10,10,9,5,9,7,5,1,8,6,9,10,2,10,7,9,5,2,2,8,5,4
d444203f-1960-4263-bd30-68a703c25e8f,3,8,2,5,6,10,3,5,2,3,8,7,10,5,6,4,3,6,5,10,3,7
985ff828-d6ab-4f8d-8aa3-7039614d4246,9,5,6,1,10,8,9,8,5,10,8,5,10,10,1,5,5,5,6,8,3,4
c1aec09a-f413-469f-9d08-1e6f6e209d1c,3,5,10,9,3,9,9,6,4,10,8,6,2,1,4,3,1,1,0,2,7,8
46eeaa99-305c-4e7d-b124-90e4cf26a008,9,3,5,10,8,10,9,9,4,3,2,5,1,1,4,9,3,7,8,6,1,1
048c3762-b888-4320-be7a-ebe7db4c0859,6,6,5,9,3,7,7,3,8,10,8,8,1,10,2,5,8,3,1,4,4,7
dd799c75-97c9-4232-8044-a32e6bfcef99,6,4,9,6,7,2,1,8,5,5,1,8,2,3,10,1,4,8,2,1,7,6
94c70ac4-da32-4847-a1e6-07a29036b30a,3,2,2,5,3,5,4,8,5,8,8,2,8,6,3,9,7,2,1,2,10,10
d6f9e5c5-ed9b-4140-88b4-ef8ccd3a8e9f,6,3,6,5,4,6,9,10,9,1,9,10,3,4,8,2,5,4,10,3,2,0
6a3a2c29-6c97-4ac2-938c-9d01ef8807b9,5,7,1,2,3,4,8,3,8,6,9,4,6,7,1,6,6,3,8,8,2,4
a7a12870-82f8-434d-893f-8f44e5caabaf,9,8,1,4,8,1,7,9,6,8,5,10,9,8,9,7,3,5,6,0,7,3
e023a619-e07b-4f6f-ab1e-a21774378c7c,7,5,3,9,1,5,1,7,10,9,7,9,3,5,7,1,6,4,7,6,10,10
64234352-fbfa-401d-977f-95aa60e72b18,8,9,7,3,10,6,9,1,6,1,4,10,6,6,5,2,6,2,0,10,0,0
657d6a36-e13b-4501-a3c7-5f210c5bc9fc,6,4,4,3,9,6,8,9,6,5,6,9,10,7,3,7,1,1,6,0,9,10
6a737ee8-420f-4ff1-a900-761c883e708b,4,1,10,8,3,4,9,7,7,1,6,8,2,7,6,5,7,7,4,10,10,10
ee238654-9dce-4507-a931-3a50065d858d,4,9,6,8,9,1,7,10,9,10,7,3,5,10,10,8,8,3,3,6,0,7
7a951b6f-8b2a-47f9-902d-d604ea3f7993,8,3,4,2,9,2,4,7,6,3,3,4,4,1,9,6,1,8,9,5,10,3
90c9562f-b08e-4eec-ba15-4102ca2cde61,3,6,1,7,7,10,4,3,5,7,9,2,6,5,1,4,7,2,5,3,4,7
bc61512b-cf39-46c0-a2d5-ef82073668c3,7,3,1,2,1,9,7,10,8,2,5,3,4,8,5,3,9,3,4,3,9,8
17137f33-d733-4c3f-83b3-580ace6981f9,3,1,3,10,2,6,1,9,10,2,2,8,8,10,9,6,7,4,0,1,3,6
585a7fa8-5ca1-4fdf-a8ee-a2895121c451,6,1,2,2,5,5,5,9,5,10,3,6,10,9,4,8,3,4,10,3,2,4
4489167b-42dc-4b6a-82db-bc4ad6a4eb6f,8,4,1,2,10,3,7,7,5,1,7,7,4,7,4,1,6,10,4,4,2,0
94092857-dbb4-4088-a360-0b757230416c,9,10,8,9,6,6,7,4,5,2,1,10,7,3,1,9,7,4,4,4,7,4
36f043b6-eb31-4ade-b951-c6c6abaafafd,3,5,7,5,4,7,7,6,4,9,9,7,6,9,3,5,3,9,0,9,5,6
c5a13361-0810-4eb4-b963-fb752047c700,3,10,8,5,6,6,5,5,5,8,2,7,6,5,10,8,9,9,0,4,3,3
d04d8e8b-098b-41a5-8e8e-945f12237e4b,3,4,6,2,1,4,4,2,7,8,5,8,5,2,8,7,5,10,8,6,5,6
51dc217f-b5a3-4007-b553-519ac72003ec,10,8,2,6,6,3,9,4,1,2,2,6,10,10,6,10,7,2,4,6,5,8
adae1c43-b8ae-4e51-9e7e-bbfe7f31bef3,8,6,2,1,6,1,2,8,2,7,1,3,2,5,10,7,4,3,8,2,7,3
14a7ce6d-742c-4b28-8356-014bb7cf8240,6,1,2,7,10,8,5,7,3,8,2,1,1,4,4,3,2,1,6,3,9,1
990d5857-052d-45c3-9c1c-59cff5b95c29,8,9,8,5,9,7,8,2,3,6,1,1,5,2,4,6,1,3,2,1,6,6
49e4a910-ca98-478c-9f19-d5ead96c3afc,10,4,5,7,3,10,10,8,7,4,3,7,4,4,5,8,7,5,9,4,7,4
7195bc5d-bb8b-4d28-9707-c1d145d85b22,6,6,7,2,6,4,10,8,9,2,6,9,4,10,1,2,2,6,5,0,8,10
9c4b74bc-d5c6-4c22-84f0-55492954e9dd,6,9,7,1,6,3,1,4,1,10,10,6,5,8,5,7,1,3,9,9,10,7
4eea8767-59b9-4730-af0a-5e85f288dce4,9,3,10,6,2,8,8,7,3,3,10,5,7,3,10,5,5,1,8,3,7,3
3fb0c58a-328e-4f0d-be2a-094e1076569a,6,5,3,10,3,7,2,8,10,10,5,1,6,9,9,4,4,3,6,9,7,1
95198d3a-3da3-4bff-a0e3-1dbc1c0ab9e2,8,10,9,1,4,7,10,7,9,4,2,8,7,8,7,4,4,5,3,8,0,4
4cac635a-4d93-4ef7-92fa-c7402fe8b3eb,9,8,6,6,7,8,5,3,7,10,10,6,10,7,9,7,9,7,1,2,2,7
bf21d225-0d03-4b17-8a5d-42036ddc8e38,3,3,1,1,2,3,6,9,5,5,4,10,2,10,3,8,5,1,1,7,2,6
0016c246-525b-4099-a7a2-53fe518bb6ee,6,4,5,10,7,1,8,8,6,6,2,8,3,10,10,6,2,5,9,0,8,6
f2f489fc-cb83-4bf9-87a5-89e7eca5ac31,4,2,8,10,9,4,3,7,4,10,10,4,10,5,5,10,9,5,2,2,1,9
d5f64306-1ffd-429d-8dd2-eefc101eedad,10,6,7,9,8,8,7,7,8,8,10,1,2,10,2,1,5,9,1,7,1,4
14b707d8-6f45-42c4-9421-6139c62ef705,5,2,8,9,9,2,1,6,2,1,4,3,2,10,3,2,2,5,3,9,8,10
fc35361f-2bbc-4e9d-b191-98f4686933f8,1,8,1,3,5,3,1,4,1,5,4,5,4,4,9,9,6,5,9,3,5,9
1e05b7a6-17ef-4556-a815-747229a06b5f,8,10,4,3,6,3,10,1,5,9,1,4,4,9,5,10,1,10,0,6,8,3
41bcf2e3-c37a-4a8e-ae24-c92f2fb9b28b,4,8,9,6,5,9,10,7,8,3,7,3,2,2,2,9,10,1,6,3,2,9
8fa50d42-0ada-434a-96eb-3db68ebf0ef6,8,4,8,7,9,3,4,6,2,1,7,3,1,9,2,10,2,10,9,1,9,5
70a4e899-74fd-42f4-bcdb-5ba0b46129c3,3,3,9,2,3,5,9,10,3,10,4,4,2,7,9,9,4,8,8,7,1,0
8b2c8d8f-5359-490e-9066-3403954f7b95,8,6,5,1,3,4,3,6,5,6,1,4,10,1,3,5,10,1,9,7,6,8
7360ec51-3253-42bb-bf21-9fe08adf30f9,3,5,10,5,4,5,1,2,10,6,2,10,9,5,7,8,8,5,6,5,9,9
ee44b2a7-0827-4112-8eed-dba2b0b02f72,3,5,8,2,4,5,4,4,1,1,7,6,10,1,9,2,6,1,8,7,5,6
f4f334cd-96ff-432a-9fb9-4e7231537b79,8,6,8,9,7,9,2,4,10,2,7,1,5,4,3,4,8,9,6,6,5,5
86b5633b-226d-40e0-9f75-563e5febb2e8,2,10,6,1,10,3,10,8,2,5,2,8,4,7,10,10,9,6,1,2,3,2
7ea78e20-4391-430a-b307-d745b5ae6baf,10,5,7,4,9,6,4,1,5,9,10,8,1,10,2,7,10,5,7,1,8,6
c8bb73bc-c282-46d9-b727-9ff1d4072590,8,10,7,9,1,6,6,9,8,5,4,9,10,9,6,8,3,1,4,6,10,0
e703f45b-6523-4c99-8566-3ce7775cb73e,6,3,6,3,7,5,4,5,1,4,2,6,10,8,9,2,8,6,7,1,4,1
da8108c9-5e72-4bab-b6a8-37320b60ef52,9,9,3,3,2,2,10,5,3,9,2,5,9,3,4,9,1,1,9,9,6,7
e116ef4d-b991-404e-a1bc-202c98ec66a6,2,5,2,8,9,10,10,2,4,10,3,2,7,1,10,9,7,4,0,8,1,1
d002d61e-9359-4d06-8514-7e213f3577f3,7,1,6,4,3,9,3,5,2,2,7,3,6,4,9,7,9,4,8,9,6,9
b61c292f-9c25-4441-9b1d-c18b8b0cc636,3,7,9,8,8,6,10,2,9,6,1,8,10,9,3,4,9,10,0,7,0,7
e8a2299b-3886-4585-bc51-abc7bb1310e5,10,1,7,3,4,3,6,2,6,1,8,9,6,5,3,9,5,9,4,1,1,0
940a9d80-7d92-49d6-b28c-70b8864f09b2,5,3,6,8,5,9,4,5,5,1,9,4,10,7,6,8,10,5,0,4,6,6
2eb1d1e6-9d1f-4f29-8478-e2fe9fb413d4,4,5,2,10,4,3,1,7,6,7,4,7,8,10,1,9,9,1,6,2,8,9
36ec7de6-6feb-4c24-bd2f-53a8c3594b85,7,10,1,3,4,1,2,2,3,8,7,1,7,9,8,3,6,3,3,7,5,10
677f4461-da94-44a1-a361-e6f5437466ea,8,6,5,9,3,7,8,4,6,3,7,1,4,6,7,1,2,1,8,4,10,4
198cc11c-9fd6-4dfa-96fc-0149f77e8c3c,10,8,1,6,2,5,4,2,7,4,10,3,6,6,5,7,3,3,1,6,2,0
72ddfa9c-0e70-4499-9c65-e91876c7cc7c,2,8,9,7,6,6,9,9,8,8,2,3,6,6,1,3,7,5,2,8,2,6
af0bed31-fd8b-47db-9136-eb1343834424,8,6,9,9,3,2,5,4,10,4,2,3,1,4,2,1,7,7,8,4,10,0
9d8ec006-8fbc-4ccc-b117-ef724f762564,1,9,1,7,2,5,8,5,1,3,1,8,9,1,8,9,2,3,2,6,0,1
a52a5847-5c23-423d-855d-acb2e49d4fca,8,9,2,5,7,5,5,5,8,3,4,4,4,2,5,9,4,10,9,0,8,10
d08569a2-e660-4703-8f55-080592606f51,1,5,10,3,4,1,8,5,7,1,7,4,5,6,4,7,9,3,8,10,1,2
b8d2c135-2e19-4b3d-babf-a1f3b8210430,6,7,9,1,8,8,3,5,3,1,3,3,5,1,9,7,8,6,5,7,3,6
776a70a8-89b2-4454-bc7e-dddb8f7472e4,9,9,3,1,2,4,2,10,7,3,7,8,9,5,1,10,4,5,0,3,0,7
734b8ec2-b2bf-4c32-b780-2783ebdc6613,7,7,10,5,4,5,10,10,2,9,8,9,7,5,7,8,3,10,10,8,9,3
1f84bde7-7ffc-44da-aa7a-334f8020e6a7,1,7,3,4,8,8,5,10,10,7,6,6,1,1,3,8,3,4,3,4,2,2
c2d4ad56-9ffc-491b-aade-c3cfad20260d,1,1,4,8,4,10,5,1,4,8,8,7,10,9,6,6,3,9,5,5,9,9
cd3ccb3e-306b-4a28-9746-892f7a2df58c,8,9,9,9,1,1,5,1,4,5,2,4,3,2,1,1,5,7,3,5,6,10
0ec2ff46-96ec-4210-a6f1-a080c876df7f,9,3,4,1,4,7,4,7,6,7,4,6,5,1,8,1,10,9,2,7,8,2
0b49a7c9-44e6-41ff-9aed-19a61e60ae22,7,9,8,4,8,9,9,10,6,1,8,7,4,10,1,3,3,2,4,4,10,1
540c3b7e-1956-499e-abf1-e1e99e2132a9,8,9,7,4,8,6,1,10,8,2,8,2,10,7,8,4,3,10,5,5,9,9
c62d8780-9007-43f7-ae7d-8920bcf3ec19,4,6,1,4,6,5,7,8,6,3,4,4,9,5,10,2,9,9,9,5,5,5
82b75821-bc72-4ad3-bd61-938e3a4e3462,2,2,7,10,3,9,9,7,8,9,4,5,6,7,6,10,7,8,7,1,7,4
833124e2-fe9f-4227-9533-aa2ba0dd5216,8,7,8,8,9,8,7,6,3,4,6,5,6,1,1,9,3,8,4,2,3,5
31dd3e70-5d65-4845-8b06-8e58b0707a2a,2,9,8,9,4,6,10,1,7,2,2,1,6,1,4,6,1,10,0,1,1,2
667bb76b-bc83-477a-a336-508112b39040,3,1,7,1,5,9,1,5,6,9,4,4,1,6,6,9,5,9,4,7,1,0
68afa144-542a-42ed-a566-edfdb8d6b23a,10,2,4,4,2,10,4,3,8,2,10,3,6,9,7,10,8,3,3,2,1,1
6bd69651-f5fe-482e-8fa8-923812c0a546,7,9,9,3,6,8,1,1,2,1,2,7,10,3,1,5,9,4,3,4,9,7
687cc18a-712a-42e3-bca0-b5379cf3477f,5,4,9,3,5,4,8,3,3,7,10,3,9,1,8,4,1,9,1,6,2,9
9e519433-bee4-44a9-ba50-32fb95baaef4,1,2,6,3,1,5,2,1,5,3,6,6,4,7,9,6,2,8,0,7,7,5
ec7f30eb-9f74-426d-9563-a2ac3c392734,10,1,6,8,6,10,4,5,6,7,5,6,2,3,1,2,5,3,8,8,9,3
324e11c6-2537-4d71-97d9-5f1633b79aa4,1,6,1,9,6,9,10,3,4,8,9,2,4,5,9,2,3,8,8,1,1,5
6d2e008c-d33f-4eac-872d-acffb417277f,6,3,2,1,7,2,4,1,2,1,6,5,1,3,1,8,9,8,5,9,1,3
f1454600-f6ca-47fb-8e09-d80c89f24bc0,7,1,7,3,2,8,2,9,1,4,4,5,6,3,6,1,8,2,9,9,10,7
3290fafb-5535-49bd-adab-8e8871332806,4,4,9,4,7,8,10,5,7,10,9,5,2,10,3,9,6,10,9,1,2,2
3aed6178-dc96-4d76-8e32-466d12dd5f70,7,6,10,6,3,4,4,7,1,5,10,2,8,5,2,9,2,10,4,3,10,10
ec689ceb-febc-4b7e-9b11-3fc81f8338cb,2,5,10,10,1,1,2,10,2,7,5,7,7,10,4,6,2,10,8,9,7,7
0e4aba06-b812-4bce-8f45-b625fd2f37a4,6,8,4,10,6,4,4,1,4,1,4,6,10,10,7,3,10,8,4,3,1,4
f849d228-a03b-49cd-977c-52d9f4dd52d8,4,9,5,5,1,6,2,10,6,1,6,9,7,10,3,9,6,5,9,5,5,4
0495d092-9661-4101-9985-13180f78f75a,5,9,2,2,10,6,5,4,9,4,5,7,3,2,2,7,1,8,2,5,7,1
5d5f7f04-4649-40ea-9aa4-a3065332f01c,7,8,9,3,8,9,10,7,2,5,7,8,1,5,7,4,8,6,8,3,0,10
6789481d-1642-4b9b-bb5b-caf1825d350e,3,7,9,9,2,9,9,3,6,4,6,2,5,5,9,8,4,9,4,10,7,6
755603e9-9604-4cc3-a4f5-1d28fdc7be7f,5,3,10,4,4,2,9,1,8,9,2,2,3,1,9,3,1,8,9,8,4,0
eb09098f-2ee0-4862-94c1-a92937dceaa9,2,3,10,6,8,1,7,7,8,8,8,6,9,4,3,3,10,4,7,5,3,4
684889b9-c253-4be3-ad26-b876e01d1a2b,6,8,10,7,4,9,4,2,1,6,3,3,8,9,2,9,10,3,6,2,5,3
a2a48c1a-a6f9-4ad3-b795-b4f2674a166a,5,6,2,6,10,5,6,9,8,3,2,6,4,6,9,9,9,8,6,7,10,4
cf2a3e3d-0560-4c88-a49a-42aa3d5faab1,4,7,8,3,8,10,6,3,5,1,1,2,1,5,8,5,2,3,6,0,9,4
878b7e80-df3c-46cd-9865-41c950198de4,7,9,6,2,1,3,8,2,2,5,3,3,1,2,9,6,4,9,1,2,0,0
5e7ace82-d8ce-4106-be3d-18d9c516bf15,7,2,9,9,7,8,5,1,6,5,1,2,6,3,5,4,9,1,2,10,6,8
7add56f5-5777-4022-b5ed-c466283e9473,5,6,6,5,5,7,6,2,6,3,3,2,3,2,7,10,6,8,7,6,8,3
ca29da02-d9f4-4e59-b040-f6b744c128d9,10,8,5,6,4,6,6,4,8,3,3,8,8,7,8,2,7,4,0,1,6,9
28b725ec-a530-40cc-be85-bca2758458ae,4,5,5,8,3,4,8,7,1,4,4,8,4,8,6,10,6,9,4,6,7,0
08011039-209b-4808-85c1-ecc11e364317,1,8,1,7,3,5,1,3,6,8,5,7,7,10,6,9,4,7,2,6,5,7
e92b9e3e-42f9-4692-b3f9-e0a0353a5aae,4,5,2,6,6,10,4,4,3,10,5,10,3,1,7,6,4,2,0,6,3,6
f69c8fdc-f78b-4558-b638-afb0898c03df,6,9,7,5,5,10,6,6,9,8,10,10,4,2,2,1,10,6,10,4,4,9
4521829b-64af-4f52-831f-312085196ca3,10,9,3,4,8,4,8,6,5,5,2,3,4,1,6,5,3,9,1,0,10,5
700bc6fe-d312-48cb-9d4c-1a6b7bb3a380,4,8,2,2,6,10,6,10,10,8,3,1,3,7,6,7,5,7,2,8,7,8
d4138fbd-cc34-4a0d-ab82-c3da1b5153ed,4,4,3,7,8,4,6,7,9,2,1,7,3,9,1,10,3,7,9,1,3,0
6a87221a-e30e-4f3c-b12a-d562d95e7079,1,1,1,5,7,9,10,4,4,6,9,7,8,9,9,7,10,4,7,8,5,10
8a66334f-0a28-43f4-99a3-00ceba1b36d8,7,4,3,1,6,3,8,10,2,3,8,6,6,3,9,4,5,10,3,7,9,3
374674fe-a521-4592-9715-735cbe240688,7,10,8,9,3,5,6,3,7,6,7,9,7,10,1,6,9,9,2,2,1,7
31041818-0540-47b0-abe3-caef683c1ffb,4,5,6,3,6,2,2,6,8,7,1,4,6,1,10,10,6,8,10,0,4,5
97e0ed62-4ac2-4a38-a983-d6a8cc70808d,2,8,6,8,9,9,8,4,7,10,9,1,8,5,6,8,7,9,0,9,0,9
a82d4a84-173a-4f92-ad9c-1181f160c819,6,9,7,6,1,8,1,4,7,7,2,1,5,1,7,4,8,6,7,2,5,3
05383a41-580d-44ef-be81-9ff247d821fc,7,2,6,10,9,1,3,7,10,6,4,5,9,2,9,8,10,1,4,2,0,7
7075a5bc-68a3-41dd-9c94-3511e59024ad,1,2,2,8,6,3,4,1,4,6,5,6,6,3,7,1,9,9,4,1,9,7
adc0c2af-5683-4f31-bae3-43e9d196a5ad,2,5,4,8,4,2,4,8,8,6,10,1,5,9,8,3,10,1,4,1,3,0
a37ece4e-0a20-4a1c-b401-91f7766e1ca9,5,8,2,5,3,4,5,5,10,7,2,5,8,5,1,8,10,10,4,9,3,3
b4e774e4-5875-4ec4-9f8b-438c1d130b23,2,2,2,1,3,10,4,6,6,3,3,6,1,5,10,5,3,10,5,2,4,10
5b78db0b-aa2c-4d4b-8b50-fcb5570e6ce8,8,8,3,3,5,3,6,4,4,9,9,10,2,1,10,4,5,7,8,1,5,6
738baea8-0563-4570-9455-3f85a796c197,8,10,7,10,1,4,8,6,8,8,6,10,8,4,5,8,6,6,3,8,3,8
21fdbf92-7eb3-4425-841c-23339a2ebcf4,2,1,10,5,10,2,8,2,8,4,8,5,8,3,1,3,1,9,1,4,7,1
2df1e8ce-3fd0-4e8f-b2a7-fd7d28932a98,4,10,8,6,10,1,6,8,8,5,9,2,5,4,5,1,5,2,7,8,8,7
eda5e5dd-bbd5-44c3-b343-4259afa60dfa,3,7,10,2,1,7,6,8,7,5,10,6,10,2,3,6,2,8,9,8,2,0
dfb3d860-90b3-4e7a-8ee1-af5fbabebe23,9,1,3,10,10,2,2,2,7,7,8,5,5,1,4,1,10,9,7,3,0,7
9a6037f0-22ed-4b29-984b-a0c635b744a0,6,2,9,9,8,2,5,9,1,1,6,5,3,2,7,6,7,8,4,7,2,9
b26f756b-048f-4682-b363-02d15df21f67,7,5,7,9,9,9,5,10,2,4,2,2,4,10,3,2,8,9,10,8,10,7
ef9b8a49-cf93-4ded-81e5-d852265259fb,2,7,4,1,6,10,9,6,9,4,3,5,7,8,7,10,5,10,7,8,0,0
ad6bbd03-3391-4502-ab7c-d99280db3443,10,9,8,7,6,7,7,1,6,6,10,3,5,10,9,10,5,3,9,6,5,4
3fea8347-8c26-4fa1-91d5-2050cd833265,9,10,9,4,7,9,7,6,7,5,7,5,6,9,9,10,1,9,4,8,8,6
362a1cb1-8165-4e8f-82cc-a2c7b4518183,9,7,8,2,7,4,10,5,9,1,9,1,4,10,3,8,2,3,4,6,3,9
1c7ab034-c8ec-47c9-a255-2cb60746889c,6,8,7,2,10,9,5,3,4,9,9,5,4,9,3,7,6,6,2,8,10,10
25be8a5e-efd9-4eba-947b-922aab46926c,6,3,2,10,1,10,7,3,8,2,6,10,1,4,3,6,3,10,1,7,7,2
7c1cf350-48ac-4651-909a-3360edffe356,10,7,9,2,4,8,5,8,4,6,4,5,2,10,5,8,3,10,2,6,0,4
e99ef8e0-8a64-4569-94e2-926e468eb4c8,5,2,2,3,4,5,5,7,9,9,2,5,5,2,7,2,10,1,5,6,9,10
f53d6724-b144-4143-999e-1f02570c7dcb,10,2,5,5,1,5,7,10,1,2,8,8,6,9,1,10,6,5,4,9,7,5
8b02b0b0-ec2c-4cb9-b6bf-940914fc68f9,7,10,9,6,1,3,6,3,2,1,7,4,4,8,6,7,7,8,7,2,4,4
9b609b7e-f597-40f1-998e-8af8d857bc98,6,6,10,4,1,8,4,8,5,7,10,10,9,1,5,7,7,2,5,9,10,9
23ca103d-bffd-495f-b008-1661120812a9,6,3,3,4,6,3,9,2,2,1,3,9,7,5,4,4,6,5,2,6,10,3
fe3c8600-c134-4a51-bd2a-556704322b9e,1,2,5,7,2,9,10,5,5,1,2,3,10,5,5,5,7,7,2,0,7,7
935bbeda-8484-483c-ad4d-c41631c42d09,1,7,4,9,6,6,7,4,10,6,7,1,8,8,8,4,9,3,8,1,3,2
9d9919fe-1e30-44ef-8fd5-dbd7fc43b973,6,1,6,2,2,6,3,5,1,1,5,4,7,1,8,4,2,8,8,9,3,6
8dce3b94-7c8b-4e5e-88c8-973eb93c6bdf,1,9,5,3,2,4,3,10,2,7,10,9,10,1,6,6,3,4,3,10,4,6
a05e988d-9e01-42e1-987f-4ccad056af9b,2,9,10,4,4,9,8,1,1,7,4,4,5,7,8,6,5,6,7,3,2,0
05883987-f374-471a-a379-8e3c524c3711,7,4,2,9,7,2,6,6,8,10,3,10,4,6,2,1,7,7,4,1,1,8
681cc6a8-4ef1-4a83-b079-89bfad70ab53,2,7,8,10,2,9,8,5,2,1,2,3,5,3,10,7,6,8,8,4,0,4
b3fd4abb-85fe-441f-9246-b0e102405036,4,6,7,7,9,7,4,4,6,2,5,7,4,1,1,4,10,7,10,4,7,3
9300c414-375c-4477-a12d-c811195652ab,2,10,3,1,2,10,10,10,5,2,10,5,2,3,10,5,7,4,0,3,4,9
0a95ebfd-cbd9-48ba-a932-046d999f748c,5,4,6,9,1,6,5,9,9,9,2,6,3,9,7,2,2,9,7,4,0,8
2b82d1b9-b2ac-45b0-a3a1-b4ec8cd532b0,1,3,1,8,9,5,7,2,1,3,4,4,2,10,3,5,2,7,5,7,7,9
65d6a168-8e00-4a06-acaa-77f54f7b6b36,2,7,1,10,1,4,8,4,5,3,2,3,7,7,2,8,10,1,8,1,6,7
ea5862b3-8fd8-44de-bcae-6ed6293c3480,9,10,5,9,9,1,3,5,2,1,10,1,5,8,10,6,10,6,4,1,4,2
7401fd0d-a586-4f71-90c5-eb2efc82e34f,10,3,10,1,9,7,4,9,5,4,2,6,8,2,5,5,7,7,6,9,7,6
7b72505f-e899-48b3-b968-4d64beaf3709,1,3,9,10,3,7,4,7,7,2,10,9,5,1,7,8,5,3,9,0,6,7
3c76943f-1417-4414-b983-effa30c1cae0,8,5,1,4,2,2,9,6,8,7,7,3,8,1,7,1,7,3,6,2,2,4
1736b5d4-4426-4a92-b146-6a45b1dec743,9,7,10,6,8,2,10,8,3,7,8,9,8,10,1,8,3,9,9,4,8,1
daa9d7fb-0882-4019-9a2c-4ca961bfae98,6,8,8,2,2,4,7,7,9,7,10,9,8,1,5,2,8,10,0,2,1,6
5814dab3-c019-4c2c-93fe-c0dbb1a068ec,5,6,1,3,2,7,9,9,7,7,9,5,6,4,10,6,5,4,9,10,0,3
ae8d8d1d-0aa5-41c9-b320-cd763d9d5b96,2,2,5,6,8,3,3,5,1,9,5,6,5,1,4,4,7,5,8,2,8,2
fbafa107-1a9d-47d5-b2cd-ea5babb7cbda,1,6,3,2,10,6,5,4,3,7,2,8,9,2,4,4,2,1,5,6,10,7
7effe59e-1c84-4997-9563-5d9332bf89b4,1,7,6,7,2,7,5,4,2,3,10,10,6,4,8,8,6,2,10,9,10,0
d251e9ac-afd0-416c-bb52-39db1674d965,7,9,4,10,9,4,3,3,6,9,7,2,2,3,9,7,6,5,5,4,9,7
91bcbacb-191c-4ee1-a9bd-5e6ff45136f2,7,3,8,1,6,2,7,7,10,10,10,1,6,2,7,7,5,8,4,9,6,2
23c9396a-2da5-4e2b-a8ad-da49725e2480,5,3,5,5,3,5,5,6,9,6,8,9,4,1,9,3,8,9,9,6,9,3
2c56cc10-2850-4357-9a47-34d011e2e210,2,5,1,2,5,6,1,7,6,6,8,3,1,1,1,6,10,8,0,0,3,6
6f0dac16-9d51-4b85-b7bc-8a46da668b91,1,9,6,6,2,8,10,1,2,5,3,10,3,8,10,10,3,10,4,5,8,0
714b1463-0a3a-454c-a930-ea8604ffefb4,1,6,9,5,5,9,10,6,2,8,3,6,5,3,9,8,6,8,6,1,9,4
eadd6177-6f67-417f-84f9-99841fe0359e,4,3,10,4,6,6,3,9,10,10,9,9,1,1,5,4,9,3,5,9,3,9
eec03ab0-4f0f-48f7-9783-d0aaf54245df,2,10,9,2,4,2,9,8,10,10,8,7,8,7,5,6,3,6,6,5,5,0
8ee6688a-88e1-48b8-8790-e87330c1452d,9,7,10,4,3,6,8,7,5,9,5,7,1,10,10,2,7,10,5,2,0,10
f9f84b7d-1299-4b8d-9b4c-6f26745e558c,5,3,10,6,10,1,8,8,10,10,5,6,3,7,9,4,7,7,7,10,6,7
5f72ec5f-9b9c-4fe9-945e-a1877433b0c6,2,10,9,8,10,3,2,7,4,4,4,4,1,10,8,4,1,7,10,9,0,8
6be034f7-0aaa-4a6f-b854-2f16ef1b9d08,4,9,7,10,6,6,2,5,2,5,6,10,3,7,4,8,8,1,9,0,2,5
05aba7f9-a80e-4c0a-a6fe-f2c7a38eb573,10,6,1,10,9,6,9,4,1,3,5,8,3,2,3,10,9,7,4,6,10,0
03aa9d76-aa4f-430a-bb28-ac4bfbeed3b5,4,8,7,5,7,3,8,4,6,3,6,9,3,7,5,9,8,1,8,0,8,6
b8912141-88c5-486c-b83b-1aa4256a6c87,1,2,9,1,9,3,7,7,5,2,2,5,8,6,8,9,3,1,4,1,1,1
4a6b1045-4a39-4cb7-bbbe-7a3bb5f1463d,2,5,5,1,3,6,10,2,1,9,3,7,5,8,3,1,4,3,1,7,9,1
c54965c4-c94a-49e3-b804-e258941c5917,3,6,5,2,4,3,9,8,7,8,3,3,3,3,10,1,4,8,7,8,9,7
f8613d35-cece-4f64-b746-68314aebe395,3,9,10,2,1,7,3,1,10,2,4,8,10,4,6,8,6,7,4,10,0,9
8ce796bf-cb59-4328-9ce2-2a8fb73df294,1,3,3,10,6,3,1,10,2,9,4,9,8,1,5,8,2,9,3,3,6,9
d427a975-ff82-4ac3-8b51-05bc6c80f8de,9,10,8,7,8,9,2,5,8,8,2,6,7,5,2,3,7,8,0,8,4,9
af0fab88-5856-4392-8914-f5af571ab06c,9,7,1,8,10,4,4,7,8,4,6,10,1,6,8,9,7,4,4,5,7,5
1810b0ba-6776-4bea-a560-ed74a6628983,8,6,8,8,5,6,1,8,8,2,10,4,9,6,7,3,7,6,1,1,7,3
b71c5517-fef1-40ce-9ac2-e1bd622ba50b,5,2,3,8,1,5,10,1,1,3,1,2,1,1,10,2,3,3,7,4,7,5
0593f374-2844-48a2-8020-22bd05bca38f,2,5,8,1,9,3,5,1,1,8,5,9,2,6,3,3,10,7,9,1,3,3
7743b9b4-5434-4dda-b3c8-b2b4e4b0bc79,1,6,10,9,9,4,8,4,5,2,9,1,8,7,9,7,9,9,6,10,10,1
53b0a66b-32e0-4cae-879c-0f2dea0ad769,7,3,7,7,8,1,2,1,2,6,4,9,3,2,6,5,7,9,0,8,9,6
7566b190-ae47-415b-b27f-dba81be9b543,9,9,3,4,5,2,6,9,3,1,4,10,7,3,3,6,5,5,8,3,1,5
6c0b0374-a024-43c9-8b41-e097f479c254,9,1,1,2,8,4,6,3,8,10,7,1,5,4,10,10,7,3,2,3,7,9
a9f9faed-3498-4821-9409-89924bc4bf0b,3,6,2,4,9,1,1,6,8,7,2,8,9,10,8,3,2,4,1,8,10,0
22194e2a-a38d-4f66-ac86-83e84d2dbaed,8,2,8,8,2,7,3,7,10,5,1,1,7,2,8,6,2,9,1,1,1,7
d3b4a6fa-3f34-4c52-99c1-56120195f2ef,6,7,4,1,5,7,1,3,1,8,4,2,2,2,3,2,5,9,1,1,0,2
ee80462b-e653-4185-9493-fde96f5c173d,4,4,1,2,2,5,7,10,1,2,7,7,9,2,3,6,4,2,8,7,5,1
829b418a-f90d-46eb-8c3c-f54f25f6c741,2,6,3,1,8,9,2,3,8,2,1,7,7,1,5,9,4,4,1,7,10,3
90182659-049a-47b6-bd1b-bfe747f3766a,4,7,1,8,7,8,6,4,7,8,9,4,1,5,2,9,2,7,8,1,1,7
f9f0e152-c4cf-4ffd-837d-b1882b92592e,8,2,10,10,9,1,5,8,9,5,1,2,1,9,2,9,4,5,10,7,8,7
1f4009ef-38d0-4f4f-904b-544336b5a83c,9,7,1,7,6,9,3,5,10,2,9,5,2,6,5,6,5,3,6,10,3,4
95e666fc-75f1-4be5-ba5d-dc95accef9d6,10,4,5,7,5,8,4,3,9,6,3,4,5,8,7,10,6,2,10,1,3,8
c8fd04f5-007c-4459-a7e5-ba6f25287ed3,4,3,10,8,5,5,8,10,7,4,2,8,5,4,2,5,8,5,9,10,0,8
b70db959-a80d-4c0e-ba51-acae1dd88f4b,3,6,1,2,2,10,3,1,10,6,9,8,6,1,9,8,9,7,4,3,9,4
6c177c44-3906-4638-b52b-e09251290fe6,4,9,8,2,8,2,1,8,8,5,1,8,9,1,4,3,5,7,4,6,8,10
11b642dc-658e-4c6c-bae0-bbc91085bafd,2,2,7,1,9,9,1,3,1,8,4,4,7,4,10,8,9,2,4,7,10,9
8deebc24-2aab-4bef-aba1-7f7f63f93fe7,9,8,2,8,1,7,3,9,8,4,6,2,4,6,2,3,6,9,3,10,9,9
6eb6ca4e-0e73-4fba-adbc-8ba9608293c9,8,6,1,3,5,9,10,7,8,2,9,10,5,5,3,10,8,10,1,5,3,0
bf670f20-7f70-4734-ba28-45c7643cce39,10,1,5,6,4,9,3,2,10,3,5,2,3,1,4,6,10,7,10,10,7,0
bb4ecf7e-b4a5-4c0a-a67c-e4a2f43ed80b,8,10,10,6,7,4,10,9,4,1,4,2,8,9,6,4,3,4,8,2,9,8
4cad0fc1-debd-4c21-92e9-8c88db7a5e71,3,8,8,6,7,10,7,1,6,6,8,6,2,7,6,2,1,10,0,6,5,10
683fa6b4-3731-4dcb-adc1-072855c35e26,1,2,2,9,4,5,6,9,7,2,1,6,9,9,6,7,10,2,9,4,10,9
a1bd1d71-3ae5-4bfc-a337-a54d28b41ab2,6,2,5,10,3,2,2,5,6,8,5,9,5,6,5,1,8,5,0,6,4,4
803fa51a-de89-46b6-b44d-97fc8d2c2ed9,3,4,7,8,8,5,6,6,9,7,6,7,9,8,3,7,3,7,4,10,7,2
0744c1a1-a91c-47c4-8eff-7d989eb26ea9,8,1,8,8,1,2,6,3,10,2,3,10,9,2,9,2,2,9,2,3,6,2
789ea33a-5038-4c9a-958a-772742eac7bc,9,9,7,7,4,4,6,10,1,6,6,10,10,6,6,2,8,4,4,0,1,9
969bd54b-5b3f-4de6-8219-5180d40efd89,2,8,8,2,6,6,6,10,8,3,3,5,2,2,3,8,6,4,10,2,10,3
8d2395bb-dd85-40d9-9980-54deb14ec2d7,1,8,7,5,4,10,1,8,3,10,7,5,4,1,9,5,8,6,7,10,7,7
1df85d28-4a3f-499f-acac-d8708cfec64d,2,6,2,6,7,2,4,10,4,1,9,3,6,9,6,1,5,7,0,8,7,8
13cec45c-51de-4adb-a7f9-8b32d1d89535,6,10,6,6,2,5,9,5,5,3,2,3,1,8,4,3,10,3,6,5,6,9
216eaf54-3403-4e99-bbef-2203c3c4b816,8,7,1,4,4,6,3,4,10,7,2,3,5,10,6,4,2,1,0,9,3,0
3fb331cd-6e95-4f12-bbbe-3a1193616617,8,5,4,5,10,6,4,2,6,9,1,3,7,9,9,8,9,6,3,2,3,7
7b164304-7d6c-44e3-8c67-e34aa80401bb,8,1,8,4,2,3,10,7,2,2,7,1,4,5,6,5,2,8,0,10,2,10
a779c591-c7e5-4951-9cee-0adc200e19c7,9,4,4,7,1,5,1,5,9,5,8,1,3,4,2,5,4,7,9,6,10,9
1aab7ff7-7615-451e-b5a0-43d725c7a736,10,3,4,5,9,9,9,7,8,1,9,10,2,2,10,6,2,2,4,6,0,2
11817025-25fd-4e1d-b58d-15e2801e370d,10,4,5,2,3,4,5,6,6,3,1,8,8,8,7,7,3,2,10,7,2,2
a03c280a-92ea-4d5d-becc-c452c5f95f11,7,7,8,9,10,6,8,10,3,3,3,4,4,10,9,6,10,10,10,9,6,1
fe8e0192-c861-4c4a-8b21-5345ddfa1d30,5,7,6,10,9,5,6,4,3,4,7,8,3,5,8,5,9,2,9,9,5,1
bb58be86-8475-4436-9249-17c30ad99035,5,1,6,4,4,3,1,4,10,4,10,6,9,8,3,10,1,3,4,6,5,7
061a577f-022f-4720-a257-1580c989ff20,4,5,9,8,4,1,5,2,2,6,7,8,1,10,1,8,8,1,0,7,8,9
8505608b-8486-4ce1-ac03-ae621585fa96,9,2,1,5,4,8,2,6,8,10,4,6,9,6,6,5,3,2,8,8,4,8
66568b56-0294-4ee9-8e45-13d18b7ee44b,1,1,10,9,4,1,4,4,4,2,4,2,6,3,5,2,5,7,9,7,2,5
ed289ec7-f898-4d29-a6c1-1b7f4fa9ecd9,8,6,4,2,3,4,1,1,7,7,3,5,5,6,2,5,10,5,4,10,3,8
8fe167e6-5b80-4910-8ab0-1042d1940619,8,9,9,3,1,7,4,2,2,5,3,3,6,1,8,6,7,8,8,2,2,1
7ee4185c-c663-4443-9772-a7c62043d94c,9,5,4,9,3,8,2,4,6,10,6,4,9,7,5,2,4,8,9,1,9,2
3832a698-cae1-47dd-8e52-bbadebf42135,5,8,10,10,2,5,1,8,9,6,7,6,10,1,1,7,9,3,2,0,6,8
f1f0d727-8272-4acc-8dee-c5ddb3a0341c,5,1,2,9,9,8,10,6,4,9,1,5,1,7,7,7,2,10,2,6,1,0
ca3a7471-a1cc-4073-be7e-3e53da78b2b1,5,5,10,4,4,7,4,1,5,7,7,6,3,3,10,3,6,4,9,10,8,3
086c9488-ca3a-4c9e-b132-bf28cecc3964,10,1,4,1,5,3,2,6,2,4,8,6,1,10,6,3,9,4,2,4,1,8
a13b7fbc-3a85-4b81-8d4f-8e5f75bd04d9,7,7,6,8,7,5,8,7,6,9,10,3,3,10,6,4,9,5,8,3,9,10
56e61ea5-25df-4657-8b3c-b68b9449d76e,7,9,4,4,8,1,4,5,5,1,2,3,8,7,9,6,4,6,6,10,2,0
58239af1-67be-4b94-a423-06870b10a864,9,4,10,2,6,9,3,2,6,1,7,3,10,4,3,10,3,1,5,6,1,0
eba3c8d0-f249-4fe4-8482-49b24b76d221,8,10,3,5,8,9,8,7,9,10,7,4,2,2,2,4,6,10,0,10,3,2
00b6b23f-95cc-454d-bcee-23b16c0f7bd9,3,8,6,1,6,3,10,6,7,4,9,9,8,10,9,9,1,6,6,6,8,2
3f07adad-60f8-49fe-b276-4129f535418a,9,7,2,3,10,8,9,8,1,6,6,9,1,6,3,3,5,7,9,3,8,5
a73f6b35-ee4b-47f2-bb82-f9612da3bc18,1,3,6,8,6,7,1,10,2,6,9,1,5,3,8,5,9,2,5,6,3,6
643c274f-58ee-4380-a794-984281f148cc,1,9,5,3,4,10,3,9,10,2,1,6,3,8,7,3,3,9,9,5,3,3
054eb06c-fcd1-4caa-b6ee-1a29009bed2b,2,10,5,10,7,1,5,4,9,2,6,2,7,9,2,1,6,3,0,9,0,8
a8f7a2a1-d8a0-4f61-89ff-61f42834b9c1,10,3,6,3,6,3,10,7,6,5,10,9,7,4,3,3,1,5,1,9,1,10
c24bef88-396a-465f-8ce7-7a5f4fc78dae,2,9,4,3,3,3,3,8,8,9,5,2,9,10,5,7,6,3,2,1,9,1
95188a8a-43f7-4b18-9fe6-e6f216ab0fad,10,8,8,8,2,2,2,4,4,9,6,7,3,9,9,1,9,10,3,6,10,7
eab0b5e8-b727-4e65-a1e7-84a0d276a445,6,5,6,9,4,1,7,1,8,1,5,2,10,1,6,9,7,10,5,10,9,10
495bbaa2-91db-4f27-82d3-ea6a70cad0d5,9,8,9,5,2,6,3,5,6,10,2,7,4,5,10,1,2,5,8,7,6,0
0474de5d-8802-4a0f-9fc0-cd8f2ee41116,2,1,4,7,10,1,9,3,3,8,8,7,4,4,2,1,8,5,6,5,6,6
17bd671f-5a20-48cf-acc6-caeb59dc44ab,10,9,9,4,4,5,6,8,8,9,10,2,1,3,1,3,7,7,3,9,0,7
5bbe80a7-7600-4b36-b1b4-01db69377e62,3,6,7,8,1,6,1,2,5,6,9,1,5,6,5,9,8,3,8,1,10,4
46049ee5-b787-48a5-9cec-3adfd1261258,5,10,3,7,10,2,6,8,5,3,4,7,1,1,1,3,6,9,3,3,4,7
2d9d15cb-055d-4cd7-a6a0-394f14aeba53,10,1,7,10,3,6,6,7,5,6,9,4,5,8,2,4,7,1,1,1,2,2
2242bb79-c8ab-4ceb-a52f-d2ab2985a763,4,2,8,7,3,5,1,7,3,6,7,5,3,10,2,5,7,10,5,5,6,7
e9d1628a-73d4-4c66-ae16-21d313295b9c,7,5,2,10,4,8,5,9,8,5,2,5,4,6,8,9,2,1,0,1,0,9
75a0030b-b9c9-4b72-a357-9efb70d22d64,7,10,8,9,6,5,8,8,9,8,6,6,1,7,6,5,9,7,5,8,2,3
10976691-0ecd-4db6-b5bd-ed2d906cc4c3,9,3,3,10,8,7,10,7,1,10,6,4,2,9,4,7,4,7,6,5,2,0
a3fedbca-9579-4382-97aa-c383757c83f2,6,2,3,6,5,7,8,8,7,5,6,7,7,1,8,6,7,9,3,10,8,2
df08471d-6f01-495f-a7c8-eccea0fb1759,7,5,1,8,4,1,6,8,7,9,2,1,1,5,3,3,10,6,7,6,10,0
10f45f18-4e02-48a2-b5ab-6b605fc79b1d,4,10,6,1,8,5,10,2,6,5,6,4,10,8,9,6,10,2,1,7,3,9
3bc01557-ae3b-401d-a357-8c980add82d8,4,5,6,3,10,10,9,8,2,3,5,5,1,3,8,8,2,2,1,1,7,2
cc3fc086-d12d-4eb9-acee-1be4858d9616,9,7,10,8,5,8,7,5,10,2,5,9,4,6,1,3,10,4,9,5,3,2
83daa041-3c8c-4635-81cf-c74c9332b680,2,9,1,2,10,10,5,5,3,10,10,8,5,4,2,10,3,10,4,5,5,9
850674c7-799d-42e5-9050-1d94987921eb,5,10,3,3,8,1,6,4,7,4,10,2,1,2,5,3,7,1,2,1,6,9
9617265c-a11d-461a-aac9-c3f1aba0d80d,7,8,8,3,10,3,3,7,6,7,3,10,8,1,5,7,4,4,1,3,6,7
86291524-58e1-4372-b9a9-9e1ffc13c84d,6,10,10,8,1,8,1,3,10,6,7,9,4,7,2,4,1,8,5,2,6,5
d7017b1c-1369-47c2-b8bc-547a171c31d3,7,9,2,6,9,5,5,10,7,8,7,10,3,4,9,10,9,9,6,3,4,8
c2bb024f-fb05-4972-96b3-b713abcab8ab,2,8,3,8,7,9,1,2,3,6,3,5,1,7,7,2,2,6,4,0,7,7
22edfee7-dc91-47fb-b6d4-027a0b047ca7,6,7,6,8,1,6,2,1,5,6,8,3,8,2,5,1,10,5,0,5,5,8
84cff307-34ac-4b33-b1e1-af81fa06f173,10,8,7,5,1,6,10,3,3,10,10,4,6,10,6,2,10,9,10,4,1,6
43890fbb-4356-4633-8694-a50384401bc7,10,9,4,6,5,8,10,4,2,6,10,10,3,10,7,3,1,7,1,2,2,7
a7c031e6-23cf-497d-84dd-e5bf0ddbba87,1,5,1,2,7,2,9,7,3,5,6,9,9,1,1,10,5,3,9,3,0,6
bd470865-09a6-4e6b-87f8-fdfe2783ca90,8,9,8,2,10,8,3,5,1,8,7,4,4,3,10,7,7,5,10,8,3,0
b991f543-b018-4c61-9ebe-ab7927933e80,2,7,6,3,1,9,9,3,5,1,4,7,7,3,7,3,9,7,7,7,2,5
2857815a-3e61-4d8b-ad4a-73ac7b4f81c8,3,9,9,3,1,8,9,9,2,4,6,6,9,7,8,8,2,6,5,5,3,7
7a90ee0c-c06d-44e8-b740-5d0c3ffdd55f,10,9,6,10,3,1,5,6,3,5,10,5,6,6,5,1,4,1,1,9,4,10
39b9cac0-eb4c-4b11-91d6-49b8490defb6,2,2,3,2,4,10,4,5,8,9,4,10,3,2,2,7,9,10,6,9,7,9
bcd71dff-d869-4255-aeae-c4fa34b39cfd,5,7,9,6,4,4,1,8,2,9,5,6,10,3,6,7,9,7,8,10,8,6
99e72fa1-df9d-4feb-921e-12bf9e17adce,3,10,3,10,10,8,9,1,1,10,1,5,5,4,4,3,4,1,2,8,0,6
1e77d2c6-1056-48c1-8588-420ffafb11cb,7,2,8,1,4,4,7,3,7,7,10,9,5,10,3,3,4,3,4,1,9,4
589310fa-557f-4218-80d5-3e674f71f8f4,5,6,4,9,9,1,8,10,6,10,2,7,7,4,8,2,7,4,10,4,4,7
23cac1b6-2bf8-40b9-aa9e-77ee05f6a468,3,8,9,5,9,3,9,4,10,5,5,6,10,10,5,6,8,4,8,1,2,8
f6820440-f979-4a73-9ab1-b222e23e041b,5,10,10,8,3,8,7,3,3,5,10,2,3,5,5,9,2,3,2,8,5,6
63a7fc61-092b-4e4e-9ddc-510cb274a838,9,10,10,1,9,4,8,4,3,1,5,8,1,4,2,8,10,1,9,1,9,5
f3cd00d9-9e4a-4947-a7b6-45e68ec47b24,7,3,9,5,1,7,8,4,1,6,9,10,6,8,7,4,8,9,10,7,8,10
f91e0566-3f4d-416a-8b18-30561654cfb7,7,7,10,2,1,6,10,7,6,9,5,1,3,4,3,9,8,1,6,5,4,6
81838e5e-8101-4051-9114-b286eaa1d1bf,10,7,6,6,9,2,3,9,1,9,2,7,3,9,8,9,5,3,4,2,4,5
40764e30-b5df-4ac3-a3fc-9b143d2329bb,2,1,4,10,3,6,7,4,5,4,2,1,3,7,10,2,4,6,4,8,2,2
ae4a473b-7b5f-4dd5-9f12-8d68893df239,6,9,10,8,3,1,4,9,5,5,6,4,2,10,8,1,10,1,0,0,4,4
53dbecb5-c5fa-4856-ae8b-9cb768e649c9,9,4,4,5,5,2,10,7,1,8,2,9,4,6,10,8,6,3,2,5,7,8
f4229e0d-e419-4a8d-acbc-caf19472b52b,3,4,8,4,2,1,8,10,2,7,9,10,1,1,5,9,10,10,10,2,10,8
7453ddb8-0876-4854-a9e1-78117dd8d3e9,7,10,10,1,8,3,9,9,7,4,10,1,4,9,3,7,6,5,2,3,0,8
d49382a4-76fc-4e00-adeb-d9843ccab911,1,10,2,8,3,6,9,4,8,8,10,2,7,2,5,10,1,2,0,2,7,8
5f03c96b-1403-4061-b52a-535ba8f75035,10,6,3,10,5,4,3,8,4,9,6,6,3,4,7,8,3,3,3,0,2,3
a661c195-587c-4580-a41d-81f505ccad0f,10,9,3,9,1,1,2,4,8,7,9,1,8,4,4,5,9,1,3,6,6,10
06f52ce5-488f-45b4-a437-e94d70c8aac4,10,1,8,1,6,1,9,5,2,7,5,6,10,3,4,6,1,6,3,6,4,3
c9fe475b-8389-42c5-8c61-29be3a4db0be,8,8,10,4,4,9,4,1,5,9,5,4,6,5,6,9,2,6,2,7,8,1
bf309889-0c61-487a-a4b6-db314706d032,3,7,4,8,6,1,5,3,4,1,3,5,3,8,1,3,4,7,10,0,0,9
2ad9e9c2-bdaf-4238-b9ff-ffa952e4c82e,6,4,10,7,3,2,5,10,2,5,9,4,3,1,1,10,4,6,2,4,8,10
8bd0fc57-cefa-4d04-ae95-d187bcb70733,2,3,3,5,3,9,10,3,7,3,8,3,10,1,5,3,9,5,0,7,8,9
78806ae8-90ba-4a90-a0cb-be3fb94838c3,5,10,10,3,8,7,4,10,2,2,4,1,5,9,4,4,5,1,10,3,5,9
63821100-cad7-448e-bc7b-a74da7480a5e,4,5,5,6,8,5,8,1,5,7,6,1,6,5,10,10,10,2,7,9,6,4
7159baf5-c7d1-4fcb-8f03-89f93b597947,9,10,2,9,5,10,2,4,2,3,3,7,8,6,1,4,9,2,2,6,9,4
71dde4d1-62cc-4178-9b38-7cf5ff964c50,9,2,9,1,6,9,5,7,9,9,7,1,9,8,8,2,5,6,8,7,9,3
a432d46d-9b2c-4acf-add6-f386783608bd,9,3,5,5,2,9,4,7,8,4,10,5,1,6,3,1,1,7,3,3,3,3
5e9c50f8-72c0-40d2-a89e-20237a5343da,3,3,4,4,10,9,6,1,8,7,10,7,5,2,1,6,9,7,3,8,3,4
db530a97-cf56-4360-b653-eb48b79600e2,8,6,2,1,9,7,6,6,5,7,2,2,10,7,5,8,5,4,6,3,1,8
9b46e277-0b74-4cfd-bea6-2b01b61c1a51,2,9,7,6,3,6,7,4,3,3,6,3,10,2,8,8,6,7,7,2,10,2
2c4d015d-46a8-41c0-8cdd-ead61bdfdb79,8,4,6,1,4,1,9,8,5,2,6,8,5,7,8,4,6,3,7,2,3,2
9ef94f96-5e19-4abc-bed3-d6fee5218555,9,1,9,5,3,3,7,6,1,7,1,4,2,4,5,10,2,10,2,0,9,8
c869c6cd-43fb-4251-aa0e-8b2cf8a4fa90,7,6,7,8,4,9,8,10,9,9,1,1,3,4,6,5,3,3,6,2,3,2
ff4fe4f0-3df2-4c30-9fe3-518782df1826,4,10,4,5,6,7,9,6,7,4,8,6,3,10,7,2,4,8,5,8,6,5
6eaa46ee-ad03-4b13-9028-dcc959f40595,9,9,8,8,4,9,6,1,6,8,8,5,5,9,9,3,8,2,3,8,9,10
395241fd-d5f4-422c-9d8b-1776f728e96d,5,9,7,9,3,4,9,2,9,3,4,4,1,2,8,5,10,2,7,6,1,2
7f0fccbf-8548-43e1-a52f-55755a50d535,8,4,2,8,3,5,4,7,2,3,3,2,8,6,4,7,2,1,0,2,9,4
e882927c-c189-4e3a-9261-d3d4707ad746,7,6,2,10,8,8,6,4,3,7,10,10,8,5,2,4,9,2,3,4,0,0
76e85f18-57aa-477e-9ce5-310650ba9e10,9,7,3,8,10,1,6,9,2,9,4,1,3,5,6,9,9,5,1,1,1,1
81eff3ad-a0c1-46ab-a759-cb6a88447db4,4,6,6,10,3,2,3,8,10,9,1,2,9,2,1,2,5,10,6,1,7,2
ffe5ff46-002f-4e37-af36-ffbcf33c88d2,3,9,6,2,8,7,9,4,2,9,5,4,6,4,9,10,6,7,10,0,5,9
ee7f354a-73b0-4531-b59c-21df699f6ccf,5,3,10,8,6,9,3,9,6,10,10,4,10,5,8,10,6,1,2,6,4,8
e1dde1fa-a5e6-4b2f-b90d-9505edea46e9,1,6,8,4,6,8,5,4,4,4,5,4,6,3,2,4,10,8,7,10,0,8
1f8caa82-a8d7-47cb-ac9e-8f52f17a15d0,6,3,2,6,1,5,3,8,2,3,7,4,4,6,3,10,4,10,5,7,7,10
2088819d-bbe5-40a4-812f-16b6ef6d902f,4,5,1,1,10,7,10,10,4,7,3,9,2,2,5,7,2,9,3,3,2,8
63353f7a-9754-4d63-9435-59404ba9adbb,7,3,10,5,6,4,9,4,8,5,7,6,10,4,4,9,1,2,0,4,8,5
0636914e-e4c7-4477-95e9-c0aaa89a89cd,9,6,2,8,9,6,3,6,10,10,1,9,9,10,7,4,1,9,1,9,1,9
04dfc831-9504-4dbc-a43f-c6852b6b7871,10,10,10,2,8,6,3,3,8,5,10,7,6,10,8,2,4,5,5,7,7,3
51923440-931f-4b5a-9678-bb1e2acfc0b6,10,6,5,9,5,7,8,2,9,7,1,8,5,4,7,7,1,2,10,6,1,8
088e2c51-0c45-4afc-877e-1fb25e340bb0,6,3,6,10,6,9,1,3,7,6,3,2,3,3,7,4,7,3,8,5,0,8
c8144ca0-e34b-4873-af64-188695d20b20,8,9,4,1,1,10,4,4,10,4,1,6,8,2,4,3,10,3,4,7,8,0
e3ed87ed-71c1-4eba-9a1d-d7d4f302444c,5,8,3,8,4,3,9,5,4,1,6,1,10,5,8,5,1,7,7,4,9,4
cff71195-12e4-48e2-9079-118c9f6e3bcf,2,1,5,7,1,1,4,3,10,5,5,6,8,8,3,2,9,9,7,2,2,2
9f706779-e58c-47b6-9a97-e5347f67a1ee,5,4,10,10,8,7,3,9,5,8,6,3,1,9,2,7,1,2,2,8,0,5
7dfef2aa-5b9e-4e44-b6f8-d3a8958c32d3,2,5,1,2,5,10,10,7,8,9,6,8,7,3,4,3,2,5,2,1,9,8
bdbf099f-2f5d-4b1b-8c08-007766d69b8f,10,8,10,1,10,8,9,9,10,1,5,2,7,8,3,8,4,8,1,7,8,4
c9a4e892-2a87-4938-8587-5dbb4dd2ee51,6,8,1,8,7,5,4,5,8,2,9,6,4,1,4,8,8,6,7,9,9,2
bb4ad01b-3c5d-48bc-b927-e03607232b83,10,5,4,9,10,3,2,2,3,4,1,6,7,8,9,4,8,6,1,0,0,3
c7b81819-41ac-44e4-ba16-eca9cd0aa440,2,9,2,8,3,7,4,3,9,10,6,10,6,1,9,1,2,3,8,1,6,10
58c5ee8f-0f9f-4b5a-8e90-eba340d3cd00,1,6,1,5,6,6,3,7,8,7,2,5,1,9,6,1,10,5,0,7,9,0
4e883f1c-6700-4cd2-a469-6b0fc6bb6075,9,6,1,10,5,1,8,3,10,4,6,6,8,4,9,8,10,10,9,7,1,8
2409ec96-3aa2-47e9-ae84-dd717a019959,7,2,4,6,10,5,10,7,1,5,9,8,10,9,10,7,9,9,5,7,2,8
04bbd32d-14ec-456e-b7f7-a14e4c98da34,8,7,6,4,3,6,2,5,8,2,2,4,8,9,8,9,6,3,1,0,0,2
8a8274cf-df02-4771-8a94-da05ede0b0e7,9,9,6,2,9,8,2,6,2,10,8,4,9,1,6,8,5,10,6,6,5,9
0ce946be-67d1-409e-be4b-4a37c316ba61,10,2,4,10,1,7,1,4,4,5,9,1,4,3,6,9,6,9,0,9,8,10
8a12818e-4beb-4150-8c2a-a4668566ac21,4,2,7,10,7,6,3,3,9,5,5,5,2,5,5,10,5,3,10,8,5,3
ccb0fc3b-06d8-4492-8207-f341e9d7cd17,1,2,8,7,8,10,2,10,5,4,5,1,3,4,10,6,3,10,7,0,4,2
90cc5815-2dde-458b-b852-357495d04111,8,6,8,1,10,1,6,7,5,7,3,6,8,3,3,2,4,9,5,4,1,1
6882ac7a-af2b-4930-b485-c1fc3506b6ed,1,10,9,2,6,6,4,8,1,2,10,3,2,3,2,10,3,6,5,9,9,5
40ff4b63-8615-42e1-a3f3-bd899db5f3f3,3,2,1,7,3,4,1,5,5,7,3,5,3,6,7,1,2,9,9,1,3,4
d03dbf20-bf8c-4018-b44b-a9bd3d69839c,1,8,6,1,9,9,8,8,3,1,3,2,8,5,4,5,6,2,9,9,10,5
616608fc-f06a-49a1-8875-7f2d8f9d67e9,3,1,1,7,7,6,9,2,6,5,3,5,6,1,9,9,3,5,5,0,6,2
979cd68d-6b01-4c6b-9f26-8e8a1600ceff,9,5,5,3,4,3,4,8,6,6,1,2,6,2,4,3,1,6,6,0,9,10
7c6d9b99-623e-4b12-9f7c-9d3a1f321ab8,9,4,9,4,10,8,1,3,6,8,6,4,7,7,9,3,3,3,10,10,9,6
5b351dcd-64ae-468f-aeaa-6f61d5dd06fa,4,8,9,5,2,7,6,8,6,3,1,9,1,4,6,7,5,4,9,2,6,5
a51ed896-8914-437a-974b-c146c39b55ec,7,3,9,2,10,8,5,1,7,9,1,2,4,5,10,3,3,9,0,9,7,7
e6bd8154-4c77-4512-b9dc-4e5e01bb10d5,10,4,1,10,3,2,6,10,1,1,9,2,1,2,6,7,10,4,0,2,2,6
30c8b90e-b98c-44c3-8280-aa8264ae4024,7,1,9,10,6,4,2,9,2,6,10,5,9,3,4,6,2,5,5,3,0,0
15b47ed3-46fe-45eb-9641-9c8e049f174e,3,4,3,3,7,4,8,3,1,10,5,10,3,2,7,7,5,4,1,3,5,3
9a5b6bea-214b-4091-9caf-a22e263cb0e6,4,10,3,2,4,1,3,5,1,5,3,4,6,9,8,3,9,9,5,6,4,1
8c7caecd-d501-4387-a90b-82ad09925996,1,8,1,7,7,10,1,10,10,2,7,4,1,1,1,9,6,9,4,0,1,1
3730178a-77dd-4c44-8ca6-390c70c3f6e5,10,5,4,2,2,6,5,1,4,2,10,4,7,4,1,2,10,2,9,3,4,7
243eb8ee-4938-4c78-b560-f1203e5aa84e,6,9,2,5,3,1,2,7,10,9,5,6,9,5,8,6,2,2,3,5,6,1
d8a3842f-71f2-435c-8810-8a1c1ddc419d,1,5,9,3,8,4,2,4,4,4,8,2,10,5,10,5,3,5,7,10,10,3
6ef5423d-b62f-403f-abe7-b8e5cdd6ebae,6,5,1,9,7,1,4,7,6,6,5,8,3,6,6,4,2,9,1,10,0,9
de08ba4d-4031-44d9-958f-a54eb1b6b84a,8,4,1,8,5,5,5,4,5,6,10,3,2,9,1,5,6,8,1,10,1,1
3cb3926a-e2ed-4bba-8d17-d55a7e629d55,4,6,9,4,1,9,7,10,5,1,5,2,4,6,3,8,9,2,3,8,2,3
0ddd9cc4-9c69-4a42-a8a0-fc515695ddf9,7,7,2,10,5,6,3,8,5,2,10,8,2,7,9,7,2,10,3,2,4,10
96aa43ff-075c-46b3-888e-fbc447970d72,6,6,6,3,2,6,8,3,1,5,1,1,4,5,5,8,4,10,10,5,3,0
41ab16de-cf0b-4adc-978c-604d73ac31e4,4,2,8,1,9,9,2,10,3,2,4,9,5,5,2,9,2,6,6,7,6,8
0c2aaf3e-18f7-47a6-938e-0e1dea0c247f,10,10,1,7,2,2,6,6,9,8,1,8,4,2,10,6,2,8,8,1,5,1
d401d9bb-22d9-436e-8a47-a3ec81a4be9b,10,9,10,5,9,8,6,8,7,4,5,1,1,9,7,5,9,4,0,1,0,1
523792fa-27d3-453b-b6b9-ac301a0407bd,4,1,6,7,4,5,9,3,8,6,5,10,6,8,7,9,3,3,3,5,10,9
91e8214a-f27b-497f-be4e-0318d337288a,5,6,8,5,2,10,8,1,4,7,1,7,3,1,6,10,6,2,0,8,1,5
df8d4313-f5df-4953-bd7c-efdda0938884,1,3,7,8,4,10,2,9,6,10,10,1,9,1,5,3,1,3,6,0,5,7
b0e2dc28-f7c3-45d2-9348-a69e5a0d58f7,9,6,10,10,1,10,5,10,10,3,4,4,2,3,8,10,1,9,6,9,6,4
9b05a74d-142b-469c-905a-bc2fd15c642b,10,10,7,10,8,4,6,5,1,9,10,6,9,7,5,7,9,3,2,2,3,10
3448a64a-02ad-4337-9d6e-fa90514e159d,3,1,7,7,10,3,2,8,9,3,2,8,1,3,2,10,3,8,5,3,9,2
cd9095a7-c1f0-4515-9bc5-1baf982be0f9,3,1,5,7,1,8,1,1,10,6,9,10,3,5,5,3,8,5,6,3,8,5
a8d6a625-5e9b-498e-8767-22801dd97b39,3,8,3,5,1,7,4,6,10,2,7,2,1,3,4,7,5,4,10,3,3,3
482851be-c752-4cc7-8ede-40dd3384519c,8,2,9,3,7,6,3,10,9,1,3,4,1,1,9,8,10,3,6,8,7,6
ab9e5b26-7e6c-4203-b73c-1eb70da3cdad,10,9,6,9,5,5,4,6,8,6,4,9,2,8,8,10,1,8,0,0,3,9
65b9d58c-405d-488a-b521-3cc57d848320,8,7,1,6,8,9,2,6,9,7,3,2,7,5,5,5,6,3,10,10,2,6
38e5c974-10a0-4ff9-8b8c-0e7c47f2cbb9,4,5,7,6,8,4,7,4,5,7,1,6,9,5,5,1,10,3,9,10,8,7
6a87a1d0-ac51-40a9-ba3e-3fb8dda73f98,5,6,8,3,7,4,3,6,8,10,4,7,1,7,2,9,5,4,1,5,7,4
535f3ea4-56db-4ea5-b722-39ecf7cea061,10,2,4,5,4,9,6,6,2,8,1,8,4,2,2,4,9,3,3,3,7,7
aad2a3c6-26a2-4de1-b576-abc7d697db5c,6,9,7,8,9,5,9,6,6,10,5,4,2,7,3,1,1,7,2,9,1,0
fbb15aba-4dbb-4767-89cc-fb08231342be,8,9,4,5,5,10,1,8,2,6,10,4,1,8,3,3,1,5,5,8,4,5
7c0180d3-6887-43b2-94ca-7f52409ab1d5,9,7,5,9,5,3,1,7,2,8,1,8,2,9,4,2,5,9,0,5,2,5
fc6dd24a-abbe-4b99-aa2d-d3a9f04f6e38,2,8,10,3,5,10,7,6,7,4,4,4,3,10,1,1,9,4,3,2,1,4
da37244e-9047-4d59-b7ef-74c705e10987,1,7,9,5,3,4,10,1,2,4,9,4,10,2,5,2,1,3,4,10,2,5
d95863a7-c323-4fc3-8172-198994a73cf2,5,6,1,8,2,4,8,1,10,4,3,6,7,4,5,10,10,5,2,6,3,2
8694b63a-8a85-4e33-a4e2-95369a205122,10,4,7,3,6,3,2,2,2,3,3,10,9,1,4,10,9,2,6,10,2,5
1a2a0342-2524-429e-8550-6e7b238b7cd5,2,5,3,8,3,1,4,6,5,7,9,8,5,2,7,1,4,5,1,0,0,4
3fde1156-545c-4582-867e-98bb17a70234,6,6,5,1,3,8,7,6,3,8,6,10,2,3,8,5,1,8,2,9,4,8
86b32a63-53cc-4429-b9b4-ec66ab043d1d,5,8,6,3,8,8,7,3,2,4,5,3,2,5,9,9,9,5,6,6,4,5
d2570363-d4ce-42ce-80de-6e2b41b1a879,9,9,1,3,9,8,2,3,1,1,8,6,4,3,1,8,7,2,1,0,5,9
31c9b360-ba27-4a2a-9f27-c4bb727037a5,5,9,6,2,4,7,7,7,10,9,8,3,9,10,2,5,10,2,10,1,9,2
e3bd26a0-1b9b-4f5a-a7fc-a13117cb7e42,10,5,3,2,10,1,2,1,3,1,7,7,9,1,7,8,3,3,3,4,4,10
b01bbe61-abe5-42b9-a0ca-dda3aa587db2,9,8,4,2,1,5,7,8,5,2,9,3,8,4,4,8,8,3,2,5,5,2
81374d79-3500-4b5d-a8c2-6c1cac37781f,3,3,2,9,5,7,7,9,8,9,4,5,10,3,2,7,9,3,1,9,9,6
89d0bc37-6091-4878-af08-0d15d56635f4,7,3,4,5,8,4,3,9,10,5,4,8,6,4,4,2,3,9,0,1,8,5
f61e7a5a-b1ec-4420-85ca-c08e5c1cdd8e,1,7,4,6,7,5,8,6,9,9,3,8,5,7,10,9,2,8,9,6,3,7
c643f7a2-42bd-486a-b4f9-ccf733e77d67,8,7,2,10,3,6,2,8,4,4,7,7,7,10,10,3,7,9,8,5,6,1
de4d8bbf-2bf2-44a9-b1c8-59edc655f81e,1,2,3,10,9,9,7,3,8,7,8,5,10,1,2,10,2,6,0,0,2,4
8147a8e2-8c45-4c74-8ec3-bb9f9d9d738d,1,5,5,10,10,7,2,6,7,6,6,5,10,5,9,1,5,7,10,8,7,9
ccd2eed2-bc74-4d7f-a460-627727adf9d5,7,2,10,3,1,8,1,7,3,6,8,10,9,4,4,8,6,5,4,6,1,4
d40a8d7a-a842-4b49-8d35-b69b4258f071,8,2,10,10,5,1,8,2,8,5,2,5,8,4,4,8,9,1,8,3,0,2
4aa3777f-715e-4589-afe1-a4e7305f1da9,10,9,3,8,3,10,4,1,6,6,7,4,10,6,1,6,2,6,9,3,8,10
409e86b8-7c2c-49f7-a410-e1e1f7521083,1,2,6,1,1,10,1,3,1,3,10,9,5,1,2,4,4,1,3,0,1,6
f6c7d670-602b-4a84-8b28-b0042789467a,7,7,6,1,7,7,1,9,4,3,3,9,8,9,7,4,1,9,10,1,4,8
b662c164-209d-4409-8510-7933d27dac1e,8,4,3,2,9,9,7,8,7,7,4,2,2,5,2,1,2,3,10,5,2,6
c7aca6bb-3a6e-406b-9e33-8c730d3b31cc,1,3,7,5,6,10,2,6,8,3,2,3,8,8,5,1,6,7,3,9,5,4
e9e54bba-d975-4ad1-a3e1-805edfecb23e,8,8,2,10,10,6,3,2,8,1,1,8,3,3,3,5,9,9,1,4,7,4
4fcef2e7-db95-4d22-8908-a22b4a8f6a92,9,6,8,4,10,4,8,9,5,3,8,10,7,8,7,7,1,8,3,4,5,3
ac70d36f-2d6f-450a-9c5b-d4f65ecf6120,3,8,1,5,6,6,3,4,3,6,1,9,6,9,7,3,7,6,4,2,8,7
726b0944-f606-4ce9-88a0-c32d290954ff,7,7,5,3,4,4,8,2,3,6,9,3,1,7,8,3,10,1,1,10,1,1
ab2ac964-b3c8-4888-87d8-ebb161ddf9ab,8,7,4,8,4,7,5,10,6,10,3,5,5,9,9,6,6,10,9,6,5,4
153c5647-b242-4e62-a4d8-4017b9a956cd,10,5,2,3,3,1,10,2,8,10,5,2,5,2,4,1,9,9,2,5,2,5
9465f44a-072e-4e2a-a656-c253278b5287,10,6,8,8,4,9,5,10,7,10,1,6,1,9,2,6,4,3,4,9,5,1
cd621a00-6703-4b1e-a711-d07d7665862e,10,1,7,8,7,2,4,2,6,7,5,1,10,2,6,10,6,9,1,0,5,4
4125c3f3-df2c-417f-ab0d-4e565389bdfb,4,9,3,2,2,4,4,3,5,1,4,10,6,10,10,7,3,3,5,3,9,5
15886723-4e46-497f-8a7e-ce4763b93c23,10,5,3,9,7,1,6,7,3,7,9,10,3,5,1,2,6,2,3,0,8,5
c59fb3f5-acfd-436d-8792-5cd868ff18ec,7,6,6,2,3,1,4,10,7,2,1,8,9,5,4,2,7,9,7,9,8,9
0e6a6a7b-750d-4c5b-a603-9b3ed0c8e2ea,1,5,6,8,9,2,8,5,2,9,2,6,7,7,2,4,4,8,8,2,6,0
34166ac3-991b-4570-9959-7aa135db8544,3,2,7,10,4,6,10,7,5,3,4,2,10,3,7,10,10,4,4,3,10,7
2ecd9aba-02e8-4eec-9771-4b3a87e79ff4,4,10,8,2,2,6,2,5,8,9,3,8,9,3,5,9,8,3,0,3,0,0
7bf787ab-d882-472e-9a28-79eecf9245e1,3,5,9,1,10,10,2,3,2,10,3,9,3,9,2,7,5,3,9,8,7,1
846408cc-30c7-4b9b-8632-e3a40ecceba6,8,4,1,1,3,4,4,10,3,8,8,5,10,7,5,10,7,10,4,8,1,3
eb580a5a-d3f7-4be2-8a44-9bdbc7be1ab0,8,7,9,3,5,1,2,7,2,8,2,7,9,2,6,3,2,8,2,0,6,5
6ca2cf1c-c25a-41ba-8b6e-274e2180dbdf,5,4,8,8,10,9,5,1,1,7,6,1,10,3,7,4,6,1,5,1,10,1
95d740a9-da56-4d21-a0a1-6dea7cfa8644,9,10,4,7,3,6,9,2,1,6,6,2,1,2,2,8,4,2,8,0,4,9
02c59a8b-7429-4608-9638-e6784ffacf55,6,7,8,5,5,5,9,5,4,10,2,2,7,7,6,7,6,1,4,3,7,5
7eec2ab0-f5ce-48bc-b849-16d5bdcedf8c,5,8,8,7,5,6,10,10,4,2,5,7,1,7,5,1,3,6,10,1,8,5
3caa7a52-1359-4cb4-b75b-faaea2e0de88,1,5,10,9,2,10,10,10,4,4,6,3,10,3,2,6,5,7,5,3,3,9
af013330-83a0-4f7e-b19a-532f20a52353,8,6,2,8,1,5,6,10,10,6,10,8,9,2,7,6,2,6,9,0,7,5
4efd13c5-5989-40b9-a23e-b44cc84b169b,6,10,2,1,9,1,7,7,7,5,1,6,2,4,3,9,8,9,9,0,3,1
29ba9f45-b3d1-4402-a1fa-55410725dd0b,6,2,9,3,2,2,6,3,5,10,6,4,1,5,6,10,7,4,5,1,4,4
8b7671a2-ce4f-4104-8f91-a726a7c7b9dd,9,9,6,5,2,10,8,8,2,4,9,5,2,10,6,3,2,5,9,7,4,0
56b23089-a5e0-4189-be08-0773d095724a,10,2,2,10,10,10,6,8,5,6,8,10,8,6,6,3,7,5,7,10,4,10
85c77d12-1f07-4855-bab9-e83e406e3950,10,1,6,10,9,2,6,1,5,9,4,7,5,2,7,2,7,8,9,6,4,4
3d592baf-9510-471c-b2d4-4c8530c61393,5,8,8,3,1,6,9,6,2,2,2,5,9,7,1,10,3,5,2,6,7,5
135850be-24df-467b-9271-e61c86aa1f16,10,10,7,2,5,3,8,8,1,9,8,7,6,8,8,1,6,2,5,3,9,1
b5983366-b67d-430f-9081-76a8b34f7c12,7,4,6,7,5,6,4,3,5,2,6,10,2,4,4,8,3,2,2,2,3,3
80a5f52c-11d5-4086-8ca5-3ad6a435b05f,5,4,5,9,3,8,3,9,5,2,7,7,2,1,9,10,1,6,5,6,8,4
68406d04-0ec0-463a-afd6-07d1432da8ed,2,1,9,8,7,5,5,1,6,9,8,1,3,2,3,8,1,9,1,8,6,0
abcdba3f-6e2c-4836-b1f1-ea61954fb3b6,4,1,10,10,8,6,7,10,7,2,4,3,1,7,4,3,1,4,6,1,9,4
ca15e444-a6d4-4920-b84b-135d9f49753e,1,7,3,10,8,4,8,7,1,9,7,9,6,4,6,8,8,9,2,0,3,10
695f2c0d-2852-42c4-9348-e892e2ddfec4,6,3,7,10,10,3,6,3,5,10,9,7,1,4,2,7,8,1,1,4,1,9
56c0ffef-e79f-4b8b-8e33-e908dbd61b9d,10,8,9,10,6,4,3,5,2,9,3,4,7,5,10,1,9,6,4,8,3,2
da781d3d-c549-43ae-a362-bf97ad79f2a8,8,10,4,4,9,3,7,1,10,4,2,8,10,2,7,1,4,7,0,0,4,3
16fb8d72-e8b0-45b2-85cd-88470371f389,7,6,10,2,10,9,1,2,6,6,9,5,5,3,2,9,10,2,0,5,7,2
d4a2bfe3-a2a7-4a39-84b6-3e5e198b146d,8,1,1,3,8,7,2,3,6,9,10,8,2,10,7,9,6,4,4,6,9,3
8a545b52-da90-4ee4-b796-38c3a79cf632,9,4,5,5,9,1,4,1,7,8,9,2,7,6,2,8,8,2,2,7,7,3
d53a80a4-6652-4976-b32d-714a7fede32a,10,8,8,8,3,6,10,6,2,5,10,7,10,6,5,1,9,9,2,10,4,7
6dece7d7-6406-4378-b56a-d658ef0a6036,4,9,1,9,7,1,2,2,6,5,1,5,1,7,4,9,5,1,5,7,5,0
7230cbbf-e86e-4c95-9254-def44e906aff,2,1,10,6,4,8,4,9,2,5,2,10,2,9,3,10,2,7,4,2,2,7
e4c8015e-15ad-45f3-8b76-4777347af80d,1,7,7,4,3,7,6,7,6,3,10,4,6,7,3,7,4,6,6,6,8,5
12eb852a-298d-43bd-b3b5-b4aa242ff65e,6,3,10,4,10,5,7,3,2,8,4,4,8,5,3,4,7,6,0,9,6,4
151f31e3-77d4-484f-bfdd-3a55d51f7f8e,1,5,10,6,1,3,4,4,7,2,8,5,7,8,7,5,2,10,8,6,3,2
11b1ce5f-2056-4214-a5ff-df7a2ff378a0,10,2,9,7,2,2,1,2,1,8,4,3,5,1,7,3,6,5,3,5,3,6
c9a83f50-d66d-41a5-9a9a-b1c22ccd505b,6,6,7,10,10,1,5,3,8,8,8,2,1,9,1,10,8,9,7,10,3,3
45e981dc-4325-4aff-8360-78cbab7f81ef,10,5,3,2,9,9,4,6,7,1,1,10,7,2,8,2,8,5,3,5,8,7
76b240d6-7d41-460e-b533-8b99f052ecd1,8,2,10,1,6,5,7,8,10,2,4,1,1,4,4,7,5,7,6,1,0,8
c1ffd3ab-0766-4493-99af-2c8303776aef,9,5,3,8,10,5,10,7,8,6,2,3,10,10,3,9,2,3,2,10,5,5
0fb7758b-ce85-4b1b-b535-341851b64f4d,2,8,8,8,4,6,9,9,1,10,7,5,2,4,2,3,9,4,5,4,4,2
c809cfac-b694-4e2f-a54b-ed30c956607c,2,10,9,1,2,10,10,9,9,1,9,8,6,5,4,3,6,6,3,10,0,8
4ddfb83a-25ea-4825-89b3-c8d38b13563b,4,2,2,4,1,6,6,3,5,8,2,2,5,8,8,9,2,2,8,8,10,10
db17d131-eb9d-4d08-8722-6d7a0154b9f8,10,4,8,3,10,6,7,2,8,8,4,4,10,7,3,1,9,1,4,7,8,0
965bed3a-3a85-4129-86e5-ee653afd2658,9,7,3,6,9,10,9,1,4,2,5,10,4,6,9,2,10,10,3,1,8,3
fc1f2e99-221f-4ac1-8a3f-4615e6697167,10,1,10,6,4,3,8,5,8,6,9,7,4,9,9,3,7,7,5,1,6,6
d63c86ac-80ba-449f-90ab-809f8e5dc60e,8,7,2,7,2,2,8,6,6,1,6,6,1,10,7,10,6,6,8,3,6,2
95999d3d-b947-4690-bb11-0f9489394d81,3,8,2,7,2,1,8,9,3,7,1,1,4,3,4,1,6,7,4,4,8,1
209bb395-b731-4004-8200-f4d8d585f912,7,9,1,2,3,8,4,6,1,9,5,2,2,4,6,6,9,10,5,2,5,0
aa4e33dc-a1f2-4101-8731-17a8caeb1d44,4,2,4,6,6,10,5,9,6,7,7,6,7,3,9,6,5,7,8,2,8,2
4e6b5dd4-2ae8-48d2-807e-8ef808f10306,10,10,2,1,2,1,10,1,6,6,8,4,4,8,8,4,9,1,9,5,2,2
f2cd3bbf-b0c9-4435-acaa-4fddc82bd3d0,9,7,7,7,5,1,1,1,9,5,5,1,3,6,7,8,8,6,9,6,9,4
b70220ee-814a-4b63-a6c1-c0f4dee5f324,9,5,9,9,2,7,4,7,10,4,3,2,5,1,7,8,4,10,2,10,6,10
87ca5624-3a24-4a16-af89-f9f66dda8bcf,5,9,1,10,8,7,7,8,3,6,4,7,1,1,6,6,8,2,1,8,8,0
e54a7022-c7d2-448c-9d68-752602a0ba59,10,6,1,7,3,5,9,1,7,2,6,7,3,8,6,5,8,3,2,10,3,8
319ae4e9-2063-44e2-a2d7-fbdce238485e,6,2,6,2,10,2,4,5,2,5,1,6,5,3,5,6,7,4,7,7,0,0
14fcb308-1e24-46c5-bd54-3d01067bb7ad,5,5,7,6,10,9,8,6,3,2,5,2,1,8,6,3,6,4,5,1,8,7
5290f1c4-bda8-47be-8de9-cf395a63d87c,10,2,3,6,9,9,5,7,9,3,9,2,1,2,4,6,10,9,2,3,6,4
12809a09-3391-4539-baa2-5a12d0232bd9,4,10,2,9,5,1,9,2,4,2,2,9,4,2,5,1,6,7,4,2,2,9
df0f664e-9d86-49ab-a914-de695a914f0e,10,7,9,6,5,8,3,4,4,3,8,2,4,10,3,10,1,10,5,1,10,8
36cb8277-7f09-46c5-96c2-f10b1d5b7b7f,3,3,6,8,3,7,6,10,3,3,2,3,5,2,1,2,6,6,8,3,10,3
6f2281e1-47ce-4eab-bf42-877f8d42e11a,3,3,5,10,7,10,7,1,7,10,8,8,7,3,7,3,9,10,2,0,6,3
083d7ebb-75ac-4573-8190-7ee3be010132,2,3,7,2,10,7,9,5,5,3,7,9,9,6,4,7,5,3,3,4,2,7
60a9f059-ac5f-4903-b59e-6367dea728fe,4,2,10,1,5,3,5,5,10,3,3,6,10,9,10,2,2,9,10,5,8,6
792ce362-ee3c-4ba8-b2f6-f9b7ea6a97c1,4,2,3,7,10,4,9,8,8,6,8,8,9,5,3,10,4,2,4,8,6,0
283fa67c-4cbe-4797-b304-135d6a27dae6,9,8,1,9,8,1,9,4,9,4,5,6,8,5,6,2,10,7,0,5,9,9
61b581a8-5694-46bd-b136-54ed1b0b3a3f,9,4,2,6,8,5,10,9,9,10,1,5,6,8,3,6,3,9,5,8,4,3
407c6965-4a59-4fa1-a0c1-4a20081b49e5,6,4,1,8,6,1,9,3,5,10,6,10,1,4,6,5,3,2,3,3,10,6
59c7b40f-e9a0-415b-a251-4b3f538b43f5,8,2,3,2,1,5,8,2,6,3,9,9,5,6,10,7,9,7,1,2,8,7
036e8fa8-7d0c-4573-8e06-8dbe3d4c106a,1,8,3,3,10,2,5,5,6,9,8,3,4,2,3,2,2,7,5,10,0,6
ebf06c9c-8891-41b8-b68c-b86837b36b13,8,7,2,9,10,10,2,8,2,6,4,8,7,1,5,2,2,9,0,8,5,2
f60e7d49-4402-446e-8824-f6f1516a6959,4,10,1,9,7,3,4,10,5,6,9,9,8,7,7,3,3,5,1,2,0,4
799b7bcf-4380-4782-95ef-f1d7eaa019b8,2,8,1,10,6,8,5,7,6,10,9,10,3,1,5,7,9,7,6,9,0,9
826848a1-902b-4179-a7f2-40b1d6930839,1,3,3,8,5,8,1,8,2,5,7,4,10,10,2,1,6,2,0,3,9,4
71babf5e-7086-493c-96cb-e84ef4dcb2d8,5,7,9,6,9,5,3,1,10,10,1,4,4,1,9,8,4,7,9,2,4,8
d9a9165c-0290-417c-b1c1-5501c270ec79,4,5,9,3,8,4,10,3,7,9,1,5,10,2,8,10,2,2,0,1,8,1
687b07be-5a71-4b03-b70e-0fc24fa7696f,1,2,9,10,10,10,10,7,6,2,7,8,6,4,2,9,1,5,4,4,10,4
60906f0b-cc37-4d7c-bfe6-5ba9973fd63b,9,2,2,9,7,1,2,4,2,10,1,4,2,3,3,3,6,2,3,10,9,5
82a503f4-734a-4839-8caa-2034f9226884,8,5,6,4,3,8,3,10,4,4,10,9,9,1,5,9,8,7,3,4,2,4
10c63462-dbca-430f-a3f3-8b73acbd850f,3,6,7,3,7,5,9,10,3,9,6,1,5,6,10,9,1,3,5,0,6,6
e81de791-5035-4285-9679-86d490ef2b6a,7,9,4,10,10,8,3,9,5,1,6,9,10,1,10,5,5,2,8,7,5,6
33ab15c6-951b-4423-8cb5-ff1541e9ab71,3,5,4,7,4,9,7,9,1,6,6,2,5,7,8,9,5,6,0,0,8,1
f742d429-d03e-45be-86af-23ecf9c0caa0,5,2,10,9,6,2,4,8,10,5,7,6,2,8,3,4,7,10,6,5,1,9
ed39aea7-4ad3-438d-a83f-11328516ea01,3,6,8,2,2,3,5,6,1,6,6,3,7,3,4,9,3,2,10,1,4,8
4f99de06-e3a2-4269-a2bb-d2edd6910f6b,2,10,3,6,6,6,3,7,3,2,6,4,9,10,7,2,6,8,5,1,6,0
14078dcc-cf6d-4065-8476-b5dc28753be0,4,5,2,4,1,2,5,4,8,3,6,7,7,9,4,2,6,5,5,2,0,8
6eb59e74-1357-4fc0-8f23-f05ffe983630,6,4,9,2,7,9,10,3,6,8,6,5,8,9,6,10,10,8,3,2,7,4
45fa692a-d05f-4da1-a1da-ef948db963a4,4,10,7,5,6,7,10,6,9,7,10,10,7,2,8,10,8,5,0,4,8,0
2269d08f-ed3d-42e8-83c9-fd824f18de94,3,2,8,4,1,1,6,7,3,1,6,10,1,7,8,3,2,9,1,5,7,8
83792cb4-c539-4e51-ad55-6228c7167b22,3,7,3,1,10,10,3,2,9,5,10,2,6,9,1,4,6,9,10,2,8,0
193ce424-f3f5-45b5-b6f3-e1bcf9a99624,6,4,10,7,9,3,7,4,1,8,10,8,9,7,2,4,5,5,4,1,4,10
f11d63f3-54fc-4f73-a8f7-3cf8ea71bee1,7,8,7,5,7,4,6,3,1,10,7,6,1,5,4,3,7,9,7,9,8,5
945dfcdd-c7fa-4a7e-9cb7-be714df00889,5,6,1,5,6,2,7,9,1,2,10,4,9,6,9,5,6,1,0,0,10,2
ad06a1b0-0e07-42c4-bff2-1346304a3ef1,9,3,6,5,3,7,10,3,6,3,5,3,10,4,7,4,10,7,5,7,0,4
cbbc94d1-bb94-4ed0-a792-0f91e00e7332,5,2,7,2,5,5,1,5,4,1,1,1,7,5,6,10,8,4,5,1,6,1
de92f78c-7b01-4880-8a78-c200a6da779b,8,3,4,3,1,4,2,2,1,6,10,10,6,4,10,6,3,7,3,0,3,10
ff73da37-0e53-4d62-bcb3-87a909618a8b,7,4,4,10,4,4,1,2,8,1,7,5,7,4,7,4,1,10,0,0,0,9
e741c1b9-610b-41de-80bf-32d23a259563,4,8,1,10,4,3,10,10,3,1,1,8,6,6,6,7,2,8,3,4,6,7
74e41dee-43bd-4d24-a94a-f18bcec37468,9,6,4,8,5,7,1,2,1,4,10,4,5,6,6,1,1,2,7,10,2,4
03134db0-5915-4443-b129-e46aef2ad420,9,6,10,3,10,4,3,6,7,7,10,4,4,4,6,5,1,2,3,4,0,8
41055599-7050-4ae6-83e3-300335bc120e,8,5,8,7,9,9,1,7,8,8,7,4,6,6,9,10,7,1,2,2,8,9
aa2439ed-9608-4994-9a72-5b35c22ba8d5,2,6,1,3,5,10,1,6,3,5,6,6,1,2,6,4,8,4,8,4,7,2
f2ec989e-4f13-4aa4-8a08-bdf776a5e79e,1,10,9,2,5,6,10,10,1,4,9,2,1,9,4,4,3,8,5,9,5,7
f43aaefc-3723-4a17-af6e-29392bcb5720,7,2,10,2,1,1,7,10,7,7,1,4,10,7,1,10,3,3,6,3,7,4
4e429d24-29c4-464d-ab83-a0f7f775924f,6,3,3,8,1,4,7,5,3,6,3,9,10,8,2,5,7,4,9,1,7,7
d31a4378-bd10-4cb3-ae0e-b03c2bf62c78,10,4,10,7,10,7,3,8,4,6,1,1,7,5,3,1,6,7,1,10,2,5
3e75d853-4b2c-4e3c-aedf-a78629ea22b8,8,8,4,8,1,8,5,2,9,6,10,7,1,1,8,8,1,2,4,6,5,6
ee4aad4d-1230-4633-a74d-a33455e1703e,8,9,6,10,5,6,4,7,2,1,3,10,8,9,7,4,1,7,1,3,8,4
7b47cfa7-e138-4214-91f4-b5fb411f5034,7,4,5,5,8,1,5,10,8,3,1,3,4,1,3,8,1,7,0,7,5,6
eea646d6-df9e-472f-a94d-8f87bdf86074,7,4,8,10,7,9,1,10,7,6,3,7,8,7,1,8,4,8,7,5,10,8
cf2605e0-60b9-4eb2-b752-7fa81c594406,9,4,8,4,2,8,4,10,9,2,7,9,10,8,3,1,9,7,6,2,1,10
95ef6887-1b0f-401b-aa83-ff5a84adc3d0,1,6,8,4,3,8,10,6,5,10,1,2,4,1,3,2,5,1,8,4,5,8
2d72dee1-a182-4edd-8158-efaccd87c30d,9,7,5,4,5,4,8,8,7,5,4,2,10,1,9,8,2,3,2,7,0,5
14b5e4ef-c84d-4cf5-8330-65ff8923e474,7,10,9,6,4,1,5,3,10,5,2,9,6,10,5,8,9,9,9,3,4,10
888cfad5-4651-4a79-8da6-e66b326afb0c,7,4,3,9,8,1,6,7,5,3,9,6,1,1,3,7,1,7,2,10,5,8
953ce6b5-5b28-4046-afbe-e8385bfb73ec,9,1,6,1,2,1,8,5,4,8,6,5,6,7,2,1,6,9,6,7,10,8
d08055b6-a679-4255-b802-de8c149312d2,1,4,3,10,5,7,1,2,8,6,7,1,9,7,6,5,2,7,9,6,1,4
ec76bafe-4b49-4714-bb36-392e36e4efb9,7,5,2,3,3,5,4,2,7,1,4,1,9,4,5,7,8,3,1,4,0,3
478b0fe8-f087-44f9-9dd4-1cfdd535becd,4,9,9,8,3,6,1,9,10,10,2,3,9,10,9,3,4,10,8,2,10,8
c301693e-d3d6-4a05-ab7f-0ba3cad955ae,10,5,7,3,6,3,5,3,10,7,4,8,3,10,5,9,3,5,0,6,8,1
b8e52716-08ce-4b74-a588-8122d7b5768a,1,4,6,10,2,2,10,9,8,2,4,7,9,5,10,10,6,1,8,0,3,6
730e27e1-1871-413d-8871-f09f04f420b3,10,7,3,9,10,1,4,6,7,2,1,6,2,4,9,2,6,1,9,7,6,1
5b472dae-c57a-4ae1-8b5f-19edf55276be,6,8,8,9,7,5,8,8,8,8,8,9,7,10,2,10,9,6,7,6,4,9
7e8ce84a-0b49-4ab3-a1a0-ac28da328d3b,4,1,2,2,2,6,6,10,8,1,4,7,8,7,9,1,3,5,0,0,8,0
48d22602-2a25-4efb-ae28-eb198fcf245c,9,10,6,4,4,4,2,10,6,5,2,4,6,4,2,5,3,6,3,5,5,4
f5c6eaad-c382-42a2-aeb3-9c697789c61f,1,6,6,5,4,9,7,10,7,9,7,4,5,5,7,3,2,3,5,3,8,7
61760e63-e0e6-4e85-9639-a22680da63b4,7,10,6,3,5,5,2,8,2,6,7,6,2,7,10,4,10,3,3,10,6,0
9bb48c19-bb94-4460-b191-b52c0a98c19c,4,9,4,6,8,3,6,1,1,5,8,7,6,9,8,8,8,8,1,9,5,6
c6e9eded-5c19-476b-8b97-bf48d0209572,3,2,6,3,7,7,4,9,9,9,9,5,10,6,1,9,6,10,2,6,5,5
9921fd3e-3c5b-4bca-9b22-ac3811a2d1b4,4,2,6,9,7,10,5,4,9,4,6,8,8,4,4,1,3,3,3,5,1,1
046b3f66-0037-464d-8360-2a265680a105,2,9,5,2,2,6,1,4,8,6,8,5,7,1,8,2,3,6,0,10,7,6
f2bde8f1-f339-4b00-8908-e7ad42359d23,5,3,6,10,5,6,10,10,10,8,6,7,3,2,6,9,1,2,6,3,9,7
68082400-aa00-4066-a626-f7333ca1a76b,3,4,7,5,10,5,5,10,6,4,10,2,5,6,4,2,3,8,1,5,6,6
f9403846-6605-4d97-810d-c9d1ed99d4fb,1,4,3,10,8,4,3,4,1,4,9,5,10,3,3,2,1,3,7,7,2,4
8c7e1c34-e65a-4b8a-b45d-6c614144b953,2,5,7,2,5,1,9,1,2,3,1,5,7,5,4,2,7,3,0,6,7,6
30b31834-066c-47ff-97d5-0cd610284242,6,2,3,7,9,9,6,8,4,10,5,3,1,8,2,4,8,5,9,0,1,2
d79e0240-9660-4f87-8d6e-cb90b4b368ae,7,4,7,2,8,8,10,5,6,2,2,7,10,8,2,9,10,10,8,1,9,8
27feed3d-04be-4050-9806-8d312594159c,4,1,6,5,7,3,8,3,6,6,4,1,8,10,8,5,8,6,8,4,8,2
9ec9e46b-87a2-42ec-84c6-5b4a774ff932,7,5,7,8,8,8,6,8,4,4,3,7,7,7,5,10,2,8,0,2,4,7
a97d592f-22de-4799-9ba9-bcda3b73edf2,9,9,7,5,6,10,9,4,9,10,8,1,7,9,1,5,4,8,6,0,9,1
d17a58ab-cb5b-4d93-a665-574e726fe56f,5,7,9,8,8,6,7,8,3,5,8,7,6,6,4,5,10,9,7,10,9,8
1a6e1334-093c-4deb-98f0-1bd87b14bd6d,6,1,8,6,3,5,9,3,2,4,3,10,10,10,8,1,1,3,0,6,10,7
66960140-1551-4d1d-868f-7cc999ddbb46,7,8,6,5,4,10,10,1,6,6,3,1,4,10,3,3,2,4,0,0,1,2
c07f44a0-019a-4a34-bc07-3f8d9a262dc2,8,4,5,2,5,4,3,2,8,8,8,7,6,9,6,5,3,1,1,6,7,4
d07dbdaf-8932-45ba-bb74-39e09731c5ce,5,1,8,6,1,2,7,6,7,3,5,3,2,4,6,4,9,8,0,4,9,10
3eec4e81-3685-4b26-bb79-09d35d188829,5,6,3,1,2,5,6,3,1,7,1,4,9,2,7,5,1,1,7,2,9,2
11f0acd1-873d-4776-8d2a-18d14940aee7,8,4,9,1,3,10,2,3,8,5,8,10,3,10,9,10,7,8,0,4,10,6
afbdab5e-1a20-46e4-b336-77e73565b256,7,6,7,5,4,9,7,5,6,8,7,9,1,8,5,5,6,2,3,9,3,8
83fb50b3-2229-412c-b6c9-4f3e243ad88a,6,7,4,10,5,8,2,10,10,6,7,9,5,1,8,7,3,9,4,2,6,0
1eb5e656-b0f1-4dd6-8100-a8665fea4767,2,4,1,7,5,9,7,5,7,7,1,6,10,3,10,9,6,6,7,9,8,7
b0aa4108-7f85-40ac-b9d4-e20b2ace3305,5,10,6,7,9,3,1,2,10,3,2,3,8,10,10,5,1,2,8,6,3,4
374befc3-1265-4e55-98bd-9a12692c65f8,7,4,6,10,2,4,8,3,3,1,2,10,9,4,6,3,2,7,0,2,7,10
6564efe3-bae8-437c-9493-581d841caefc,8,7,5,5,10,1,3,3,1,4,1,7,10,7,1,1,4,2,4,7,8,6
b04cc077-2ff0-4747-9ef7-5b9a5de46074,1,3,4,1,9,6,2,2,9,4,5,8,7,10,7,3,2,10,5,8,10,6
978a427f-a3c9-4f85-a64d-ca4bb461ba34,4,1,6,10,6,1,7,3,1,8,9,10,2,7,2,1,9,5,9,4,1,0
ee37b7a7-c147-4551-ad7b-45117d74e796,5,1,6,10,3,8,2,8,10,7,10,1,2,10,4,8,10,6,1,0,9,6
23f60f29-a6d1-4e30-bf04-06b54caea627,4,6,5,2,1,1,9,9,9,1,9,10,2,7,2,9,2,4,2,4,10,0
20457167-aa97-4ef4-b3f2-0296141f4d2c,5,1,5,8,4,4,3,9,6,6,4,6,3,3,6,5,10,5,3,8,3,10
598233a0-05df-4be3-aadd-c73b0704e364,4,2,7,3,8,4,2,7,9,8,6,1,2,10,4,6,1,6,2,6,3,3
2c176866-bdbb-4d75-b2b8-9b9edd5c0a55,4,1,3,4,6,4,4,6,6,10,2,7,1,7,1,10,8,3,0,0,5,9
a28652af-6563-4593-b984-08acfa23b4f0,2,10,6,7,10,9,4,8,9,5,7,2,1,2,7,6,2,8,0,1,10,0
6a4ccce3-206c-420a-885a-a69c16075672,9,5,6,5,7,1,1,10,6,1,7,6,6,5,4,4,5,2,10,8,5,1
3b0025a8-ecb6-4c07-95ca-e1d0d8c6bc97,4,10,3,3,10,4,7,6,6,8,6,4,8,1,9,8,1,3,1,8,3,6
30a40d95-9fea-4633-9818-8e500c59dc4f,9,7,5,2,4,7,4,3,4,10,1,5,7,2,1,2,3,3,8,9,10,5
3ea17590-a0c0-4d2e-a139-3bc6195ff761,10,5,9,9,3,4,1,5,9,7,1,10,6,4,1,6,4,8,8,3,7,5
7102d741-6c88-4088-a8b1-9467bf2f3922,9,10,6,1,6,4,4,6,7,3,7,4,4,7,8,2,2,5,7,6,5,7
f5a3be10-6e8f-47ee-8074-393ffe99f055,3,1,7,7,6,8,2,4,9,5,8,9,5,2,2,8,5,5,7,7,5,1
714f4e81-5f5e-4a9a-a645-054f6d581232,10,5,3,10,3,3,10,6,5,9,6,2,10,8,6,8,2,3,7,6,7,0
3cf7bee1-f9e4-4a84-b882-0e2b1db0ecf4,10,7,5,2,7,5,9,1,6,10,6,6,9,7,5,3,7,10,10,3,0,1
acd6d33c-8571-490d-96fe-1a896aafe146,2,9,10,7,7,2,3,8,4,2,2,9,10,9,7,5,3,6,7,10,7,1
cf1fd7ca-dee8-4a06-9fe1-b5018918db3f,4,3,9,10,3,1,9,3,10,2,9,3,7,3,3,2,2,10,2,10,1,0
e21f5599-4c42-4f60-ad0f-0b979f04ffaa,3,7,1,6,3,8,3,1,1,7,7,1,10,5,9,4,9,8,9,2,8,1
80d1f828-aa4d-441c-83a3-14b4bca1fa05,9,4,5,2,4,9,8,10,7,9,3,5,7,10,5,3,6,7,2,9,7,2
9f04b607-a07e-46a8-9c0d-8ec4c68e1086,9,5,10,4,1,8,4,4,7,2,3,4,1,3,5,6,7,7,0,4,1,7
225b1a3b-9d88-4e61-94c5-976c50e2c609,8,9,7,10,7,3,1,1,9,8,8,9,2,9,9,8,1,4,0,10,0,3
4da581bd-0399-4083-9b88-4c6845f16c0e,4,6,8,6,5,6,5,1,7,4,1,9,2,9,8,7,8,7,8,7,10,10
c2cbe560-3885-453e-ad81-212448b9ec6f,6,4,10,7,2,6,7,10,6,10,4,8,1,9,8,1,9,9,0,2,0,6
09761587-8a5a-4f84-b2eb-0ea8975b1a7f,6,6,2,7,1,1,10,5,3,10,8,9,5,3,5,8,5,5,1,5,7,0
2c7635e3-b71c-4507-9dee-08f36e358f42,2,5,10,5,4,1,6,4,7,4,4,3,4,2,6,5,7,9,1,2,3,4
e4b1454c-b4eb-430a-9f73-0691163d5ef7,6,5,4,2,8,4,6,1,5,9,9,3,8,7,3,5,1,5,10,4,2,3
61f1f8fe-f4b4-4cce-9dbb-810fb67c43e8,7,3,1,7,4,9,1,10,3,4,5,2,9,7,3,4,4,8,9,0,3,4
ec5acb9a-d0bc-46df-b704-4cfeff52e3a2,5,7,2,8,5,3,8,10,1,4,4,4,8,6,5,1,9,5,2,4,0,0
aeb76318-1a0f-48b1-ac7a-4403e989ab73,3,10,8,4,8,2,7,2,8,5,5,7,3,2,5,1,1,2,3,3,1,3
71b9540d-6d66-4de6-9b7b-cacf05655122,5,1,2,2,10,6,8,4,7,8,9,6,7,8,6,9,8,9,5,0,1,8
01bc2c8d-1c83-4b33-af78-21fe65501871,1,10,10,10,3,5,3,7,3,7,1,3,8,6,10,4,1,6,8,4,4,2
d0832553-d22f-4403-9338-20797238ec7c,4,6,8,9,4,2,8,6,10,9,5,9,8,8,6,8,1,7,2,6,8,0
e0c6c81a-599a-405b-8639-7c8e7bc25182,1,3,10,3,10,6,9,10,9,10,3,8,7,5,8,3,2,8,4,8,0,8
e2e8cdb2-94a1-49fe-a4fc-31cdf3b6f2d6,6,7,7,3,9,6,10,8,5,9,6,9,7,9,6,2,7,3,4,0,0,8
0e2741eb-dee2-455d-aac8-0924b741f9e6,3,5,4,3,3,4,5,1,2,3,4,7,10,2,5,4,3,3,1,8,7,9
ed2771e9-502c-4c68-ad6e-3a14d118d366,2,10,2,9,10,10,7,2,5,4,2,6,9,10,10,10,6,2,5,3,0,4
07785dad-4c72-4544-8e5d-96c7feedc161,9,3,7,9,3,4,10,5,4,5,5,1,7,4,7,8,10,2,1,2,4,3
c7b60d79-81ed-4060-871a-2ce5c1813a38,9,8,10,10,8,9,6,6,10,6,7,7,10,8,1,1,5,10,1,6,3,9
483e67cd-58ab-4c9e-b07e-c976be785368,8,1,6,9,8,6,3,7,9,4,4,7,4,4,10,8,3,1,10,7,3,4
58ffd425-5ec0-4bbb-89be-973740726b8d,9,4,4,7,9,2,2,4,7,3,6,1,2,3,3,4,1,8,4,6,5,0
e2a52054-feda-4c64-a18c-5a8d110f3522,1,4,6,5,2,9,10,10,9,6,1,3,4,5,3,5,9,10,5,0,7,5
2fc42adc-6a28-4ca3-b82a-5d022541d26a,5,5,1,4,1,10,5,3,2,2,5,7,7,2,6,3,4,4,8,6,10,4
1f86d2b5-3958-424c-b54e-51e4a2066084,7,3,8,1,5,5,6,4,8,7,10,8,1,8,7,3,6,8,9,5,4,8
3d1850fb-a6b7-45fc-a4fe-b6c00078b8e6,10,5,3,4,5,1,2,9,5,2,7,5,2,1,5,7,4,2,4,9,6,1
13f999c0-cda5-42de-a0dd-ec64c9d30159,1,3,4,3,5,2,10,2,3,7,3,4,5,5,7,9,9,1,4,9,1,10
8c295f57-ccf4-4ecf-95cf-cf2f4532c63a,5,8,8,4,1,8,9,9,3,6,9,6,2,10,2,9,9,9,0,7,6,2
cb40922b-ca4e-440b-9f9e-d14d5fdebecb,2,5,9,9,9,1,3,5,8,2,4,3,3,3,4,9,7,4,9,8,8,3
69d5f077-1c0c-4852-9807-dfde139fc277,7,7,6,4,1,4,10,2,6,10,4,9,8,5,4,2,3,1,1,10,4,5
1ec67873-1fce-4569-9d44-0dd1d4ce69d8,2,2,7,8,7,7,6,4,5,2,7,2,9,2,1,7,10,1,8,6,6,7
3de8c4cc-e372-45b7-b9e5-acfeee297754,7,8,4,1,7,6,10,5,2,2,1,7,2,10,6,5,8,5,9,0,4,9
b1a34f94-c165-4288-9947-9e4c316330c3,8,5,9,4,1,10,3,5,9,10,6,6,3,8,1,8,2,1,0,4,7,4
6b1c138c-330b-4a2f-9d61-9e203ede3503,10,1,1,5,9,2,4,1,4,4,4,3,3,7,2,7,3,3,8,4,9,10
31f3d950-b542-4c22-b5ff-8a395257a8f9,8,8,8,6,9,9,1,7,10,5,1,9,2,1,3,9,10,6,4,4,0,1
4dd701d0-b224-44c0-854e-496160101321,6,2,8,2,1,10,2,1,3,2,1,3,1,2,9,9,1,7,2,6,4,5
fe34cd27-b88b-4478-973f-ac35fb1ce5ba,3,9,2,5,1,7,7,8,1,2,1,1,8,8,8,3,1,6,5,9,10,0
6b15152c-585e-48a5-9370-2cbc3b5fdc1f,3,5,7,10,2,1,9,6,7,5,3,5,3,8,4,6,6,3,3,1,0,3
55d2cf5b-8c3c-4696-b8b6-39ffb4a6656e,9,1,6,1,10,8,9,10,4,9,4,2,3,9,9,6,6,4,9,0,4,0
17d485b7-42f6-43f3-b9ae-07c1da87b923,5,7,6,7,9,8,7,1,7,2,3,7,7,6,6,7,1,5,1,0,2,4
d017faea-230c-4285-b72e-ad460525eb63,9,3,5,6,6,5,3,6,4,9,2,8,7,6,6,2,9,8,9,1,1,6
dc5dc51f-2d17-4ef9-86c0-c8389e5c07b3,8,3,3,3,3,1,1,9,6,6,6,5,8,6,4,5,8,6,2,7,4,2
15ddb5a8-ddb6-4070-ae23-75e0138e29e4,6,10,3,3,2,2,5,6,2,8,1,8,9,7,8,1,10,4,1,8,4,1
8bdfad40-076c-421b-bb6b-c40ff5a60630,4,5,5,10,6,8,10,4,4,8,7,2,4,10,1,4,1,9,0,4,6,8
f6a93942-3d9c-498f-9e54-f772604f21c3,8,4,5,6,2,4,1,5,7,10,1,6,3,9,5,10,9,10,6,5,3,4
82d044e4-1f2f-4cd8-b293-6dcc14bbd52a,3,3,2,6,7,3,3,7,1,9,3,6,1,4,1,2,2,5,4,1,3,0
24a3f1ef-1110-483d-a901-61d20124c3e6,10,4,8,3,1,1,5,6,4,10,3,2,1,8,1,8,6,8,1,4,8,5
73721dc7-bc87-4eb8-bb20-cfa07ca0c7ab,5,9,9,2,4,2,1,6,10,10,3,8,9,3,5,7,5,3,4,10,5,2
85c24a60-9d34-42ed-ad78-6fd1c21cd5a4,9,5,2,3,1,9,3,8,2,9,5,5,1,1,4,7,7,10,4,2,9,5
603e65dc-e027-4a04-8e2a-8f59e4322d11,6,9,2,10,6,2,1,3,3,4,4,5,5,5,7,9,1,7,4,1,0,9
d117acd4-3513-47b1-9fea-4091fc07072d,2,3,7,4,1,7,5,5,2,5,7,4,4,3,4,6,1,10,8,10,8,7
0a53fef2-4f9a-4052-9f23-84422fc6752b,10,4,2,1,7,1,10,9,4,3,4,4,6,8,8,6,9,10,9,2,6,9
14502389-3767-4abb-a304-2bb58c0000df,9,5,7,9,3,7,3,3,3,6,2,2,7,9,6,2,3,7,8,6,3,8
2846aceb-776d-48cc-8e6f-2049573f76ed,4,8,5,9,9,1,4,6,6,8,1,7,7,10,8,10,8,9,4,6,3,1
b2fcaea7-8eb1-4e3d-8acc-19fb57a0f242,7,5,8,7,3,3,7,5,1,9,9,7,3,4,10,10,7,3,4,9,1,0
a75a85ac-07e5-4627-a8cc-7d7c67b9eb5e,9,8,4,8,10,8,5,2,7,9,6,7,10,7,6,3,6,3,2,7,3,7
eaa1da13-d0b7-4c7f-8b15-217ba2f9338f,2,5,7,7,3,1,10,3,9,8,9,2,9,9,9,10,4,8,10,0,5,5
dec19999-c269-4002-8490-88188d380691,3,10,10,8,7,1,8,9,2,6,4,8,2,9,3,9,10,8,3,0,10,5
c7b6dc61-dd10-49f7-b8e8-1fbcf9a85126,4,10,2,4,7,7,5,9,4,8,2,7,7,1,8,10,6,6,4,0,9,9
d270cbd2-6843-4c48-8480-a4ac343b9560,8,6,10,10,7,10,5,1,8,3,1,5,5,5,7,8,2,9,6,4,7,5
db23e7e0-960c-4a35-aa6f-8350dd072a9a,9,5,2,10,3,8,8,2,7,1,8,4,1,7,7,4,4,9,4,1,9,6
46317b6b-8a05-422f-8f5f-e74f7b029280,2,9,1,7,7,2,5,3,9,7,2,1,4,5,10,4,2,4,0,10,7,1
0c1f3898-4d5f-40f2-a51b-0011f1de8956,9,3,8,7,9,1,2,9,4,8,8,3,9,10,6,1,8,10,0,10,5,1
710735eb-3d08-4421-b5f9-478c863fadc8,7,5,7,9,7,2,6,2,9,3,2,3,3,8,2,7,10,10,9,5,7,6
fa41c414-d82a-47d2-afb2-fe1f1419bd91,8,10,7,7,8,3,2,6,1,6,2,3,5,6,6,6,5,7,6,4,10,7
00e12f52-1103-4b3a-9bf6-59aa3bd02b0e,8,9,7,7,10,3,4,3,5,6,7,2,9,8,7,3,6,10,7,2,4,10
d9c38098-78a7-4f02-b34f-fdb1e54741cd,9,10,5,2,3,8,8,6,2,9,8,8,1,5,1,7,9,9,6,3,10,5
2a10fb40-9234-4a59-9ebf-4d7505fb6719,10,9,4,10,9,3,10,1,9,8,7,7,7,3,6,3,5,7,3,7,0,9
bd579e7b-4d4e-452c-800f-8b91ebcaf418,10,2,6,8,6,3,2,6,9,6,5,7,9,10,2,9,2,5,5,4,3,10
089aac1c-ef49-478d-b0f5-ae8a8bb93f63,3,9,4,6,6,3,6,6,7,9,1,6,4,9,4,6,1,7,0,7,7,8
9d5e15b5-a6c2-4bd3-95fd-c944fcdc974f,7,4,7,4,8,4,7,10,2,3,8,1,1,9,6,2,1,1,10,7,6,5
6b9278fd-59e0-4e7f-a32e-a41d3d74f75f,8,1,8,7,1,10,3,9,6,10,9,4,1,3,7,4,9,4,8,10,1,5
aaf0ff67-c4eb-441c-a95a-219f20859725,4,8,10,10,2,4,7,9,9,10,9,3,7,7,9,7,1,9,6,6,9,4
5d3f698d-a1bf-483f-98c0-a59d55cc4630,3,7,1,7,9,1,10,6,2,8,3,8,7,2,6,6,6,10,0,7,0,5
5562458b-e81c-4d72-8140-d1495e62bbaf,9,1,8,5,7,6,4,2,5,9,8,1,2,10,2,8,3,1,10,5,5,7
43b64c91-0fc0-4ca5-b3e9-12449d393df6,7,4,3,2,4,8,10,7,6,8,9,10,10,7,6,4,1,10,3,8,6,2
433d1d23-4f78-4ebe-9bba-bc4fb9cae1e5,8,6,4,2,5,9,6,4,1,4,4,8,9,3,3,4,5,8,6,2,6,8
4a79795f-450d-4ce9-aebd-f60a148600e0,5,2,6,3,4,1,8,7,2,5,9,7,5,1,8,10,7,3,4,10,7,9
f3b46c2d-dcfe-45c8-b77c-72dfcd24fc80,7,10,8,5,10,8,3,3,2,4,1,1,10,2,10,10,1,4,3,2,4,4
aaee9b9f-03a1-476d-9478-6c96e8dc0c62,3,4,6,1,10,9,2,1,1,2,1,6,10,5,3,6,8,8,4,7,3,8
5f33746f-4f15-4194-85b9-70d7fc42ea0a,5,9,10,6,1,4,6,4,8,6,2,4,1,9,8,6,7,10,6,4,0,1
df857baa-2be2-49c4-b210-516fbdb06ab2,7,2,8,9,7,2,10,5,5,10,9,9,1,3,5,4,4,7,5,7,5,7
6fdf4438-4459-490c-a146-0cdd32c533f5,10,8,5,2,9,8,4,9,6,9,6,4,2,1,10,6,7,3,5,9,1,7
09186908-2d91-4320-877f-c4679e889068,4,4,9,4,6,6,7,9,8,3,4,3,4,7,6,8,9,8,1,9,3,4
4cc763c8-6ebc-4f00-a42d-73a178410c4e,9,2,1,10,3,6,8,7,9,6,9,2,9,5,8,1,1,7,6,0,4,1
775ec301-37bf-47ec-8f1e-dd57ddb7d7bb,1,3,8,8,7,5,2,6,4,8,9,8,9,10,5,4,6,7,8,5,10,9
b7ad9306-277e-4f7c-b766-26ffcf8f6128,9,7,4,1,1,10,6,4,10,3,10,3,3,5,3,10,4,1,9,4,8,1
46a25d7f-dbf4-49c4-bc36-ddd8bc9dde81,5,7,6,3,4,8,8,10,8,5,8,8,8,1,7,8,9,1,2,3,8,4
718b02a7-c3bf-4cbd-be47-414d99a6360b,3,3,10,8,1,2,4,3,7,7,10,8,7,2,1,8,9,5,2,5,2,8
67c2f666-86ed-4f83-9534-e9b61afe2b2f,5,3,10,8,8,1,10,1,1,1,3,4,9,3,1,8,5,2,10,6,6,7
537d1d8c-27fa-4b0c-b626-1484510d5dd5,3,5,7,4,9,4,2,2,9,3,4,1,1,9,6,1,5,8,8,0,8,0
135c92b3-0088-496e-ac63-949faa4908e6,5,8,1,7,9,6,2,7,3,2,1,1,5,10,10,7,3,2,2,10,6,5
2d89afee-e802-4b8b-a13d-0b13e6322ae0,4,7,10,3,1,4,10,8,10,2,6,1,4,4,9,5,6,5,5,7,9,9
cbdc3fc5-e3f7-473a-9f67-3880196f9a96,3,1,4,7,2,10,9,6,8,5,7,2,10,5,3,3,10,7,8,4,1,8
b8105201-c1d6-482d-a8bd-ba6a8139807b,2,1,8,5,7,10,4,10,8,8,4,3,7,9,4,5,7,10,9,3,4,8
bd68f7ba-9351-4779-bf56-1fc7c45d9d10,1,2,7,4,2,5,1,7,9,3,10,5,2,7,3,6,7,2,1,6,5,3
3437196f-e170-41b7-95a6-52a20d1c80bc,9,10,7,6,2,10,6,10,4,2,5,5,7,3,10,9,2,7,10,9,5,6
05dc3255-6b3a-405a-988b-f48e1e879318,4,10,6,8,9,1,2,1,8,5,9,2,7,3,6,10,10,7,2,6,10,3
fc03ba81-2490-47cc-8179-326ee8840ab8,8,3,10,7,1,4,4,10,1,4,3,3,5,1,1,1,3,5,0,5,10,4
db943e44-dde9-4bf0-970a-23c00c7c6c27,9,9,2,5,7,9,5,1,4,3,3,8,5,2,6,3,9,2,7,4,9,1
16862f2b-88c5-40d7-9b3c-bf207050320e,1,5,9,3,10,3,6,6,9,3,1,6,7,3,7,9,7,4,2,5,10,6
d8cf4c51-3c23-4b35-bc1e-58af9cd4ce33,4,5,4,9,5,7,6,2,5,7,1,3,1,9,5,8,5,6,3,10,0,8
e1476862-cba8-4222-8179-04cec14d17c9,7,7,1,6,5,4,10,7,8,7,3,3,10,3,10,3,3,10,0,6,4,6
e919c1e2-0c10-44c9-8508-8046a63f72ad,5,7,5,6,5,3,9,2,5,4,9,5,10,6,3,8,3,9,1,6,9,9
1444d7c0-266d-4142-b6ea-803d5fa867e9,10,3,5,8,8,10,6,5,8,6,3,3,10,5,6,6,3,3,2,0,3,9
eb269b39-28cb-48ef-9a75-b3f7e13e408c,7,2,9,9,3,4,7,8,7,3,2,6,6,2,1,2,3,7,0,9,3,8
d5beb165-c991-4e65-81cd-4117899f7f78,2,3,8,9,4,4,5,9,9,6,8,8,9,9,7,7,6,6,1,6,4,10
eae4e2e0-50c6-4832-b37b-c152daabe87f,1,8,10,7,2,9,9,8,7,10,8,2,9,4,8,8,8,5,2,1,10,7
385338db-a937-4276-8db5-1eb63acee2ab,9,2,5,7,6,9,7,5,3,3,10,5,1,10,8,8,4,5,1,7,6,1
ff634866-54e1-4ab3-8837-ea23f4928af1,1,8,4,7,2,3,10,9,5,8,1,1,5,8,8,1,3,9,8,1,0,2
63ccd95a-6d78-42bf-8a0c-cc4314c6134e,3,10,2,8,7,8,1,9,2,8,5,1,8,10,10,6,9,2,2,7,10,4
a0945e84-30c3-4743-9200-b950d38104f2,6,4,7,10,6,8,3,8,5,2,9,1,2,10,8,6,3,1,4,8,8,3
64c5b90e-2213-4549-960e-21fe3ecfa579,2,5,10,6,2,10,2,7,1,7,9,8,5,3,5,6,9,4,0,6,3,1
ed25dcd5-1082-4b48-8749-5141c4536f1d,1,9,4,2,2,4,7,7,9,3,8,9,3,4,7,9,1,1,7,10,9,4
c04f7610-0aa9-4184-81fd-85e5ffa5c18d,1,1,10,3,3,1,7,6,3,7,6,3,3,6,3,5,9,1,10,8,5,8
259083fc-514f-4f17-b356-35c583e2898c,4,2,3,1,1,2,3,5,5,6,1,6,8,1,4,8,10,2,3,9,1,6
36394b70-ce43-41ff-aa26-05f26691bd05,1,5,6,9,6,2,2,1,9,4,3,10,8,7,5,3,6,6,5,2,8,0
2d1ffc83-71d8-4066-8aad-db09ae66c501,1,8,7,3,2,4,2,7,3,9,4,2,6,10,1,3,4,8,7,0,0,2
adb5f2a8-c740-4b8a-a01b-5c08935063da,2,4,4,2,2,4,10,8,5,8,4,7,9,4,3,8,9,6,8,4,7,1
5adffff3-d4dc-40a1-b26d-b45ed8bfe12c,10,8,6,2,5,4,6,2,8,2,8,7,4,10,3,4,5,2,10,9,9,9
5feb1347-c2cd-4fca-9efa-aff8cd44d398,4,7,7,6,1,5,9,8,2,8,8,1,4,5,10,9,10,10,5,8,7,10
b6b8d749-5f0d-45ae-a239-5134d4ae15fe,9,7,9,2,10,2,10,6,9,4,8,8,1,3,1,8,7,10,3,9,7,10
c4ffd070-8b45-43e1-8a17-8364b62b728a,3,9,2,8,7,2,1,4,8,3,8,8,9,6,1,10,7,5,3,7,3,7
c1e39aed-00f2-446b-a97e-0c9b6f518fd2,8,7,3,9,7,5,8,6,5,8,10,7,6,7,5,4,8,8,5,5,4,9
b4379dc9-3b56-4cab-b079-e35e6c8d26fa,9,3,4,4,10,10,6,1,6,1,10,2,8,1,1,2,8,8,2,8,1,5
ff334a2d-529a-448a-b0b4-d9417b9c3326,3,1,9,3,4,2,1,6,7,2,6,8,6,3,7,8,2,10,2,4,7,8
da84d6ab-708c-46db-91dc-4de564943bba,1,5,7,7,5,8,5,2,9,9,8,3,9,10,9,5,9,1,5,6,2,4
318b5a27-0c85-4cf0-aca3-33f484a0d348,3,7,2,8,1,6,1,8,8,2,6,1,7,3,1,8,10,10,1,10,7,7
ae5eeb97-5d31-4640-9bf1-d7c8522414a9,2,5,3,4,7,6,1,7,5,4,9,5,1,4,2,10,1,1,9,4,3,5
691d90bd-be02-40b6-a52a-2fa57ed73447,10,7,10,2,3,5,6,9,6,6,8,1,1,4,6,2,1,2,3,9,10,0
423f5727-b302-4445-a552-a3398115d143,8,1,10,10,3,7,10,10,9,10,9,7,7,7,5,5,6,10,1,3,3,2
44a197f4-4ceb-472a-a8e5-89c5a02fc8ba,5,9,8,8,5,8,2,8,3,2,10,8,3,6,4,10,7,2,0,3,9,5
84d2b350-3704-44f8-a558-1b502909b984,3,9,4,6,6,6,10,1,10,9,3,7,3,3,2,9,3,6,2,10,1,7
beba66e1-0994-4b91-ac39-967418f12934,5,5,6,6,1,6,5,9,5,6,8,9,2,5,2,4,3,9,4,3,8,2
44a6d0fd-f24b-4c3c-90f4-ab1ae1d79176,2,9,10,3,1,10,1,9,8,10,8,3,2,1,6,10,8,5,6,10,10,7
feaedc04-7b0e-4f44-8c3d-9a13bf3182e3,4,5,3,2,9,8,5,6,5,2,4,1,1,4,1,3,7,5,3,5,0,3
bef4e324-055d-48ff-862f-0140e2c9246b,3,8,10,5,9,9,2,1,9,7,10,8,2,4,4,7,9,5,7,10,3,0
e14a886d-3db5-46c1-93f5-d4909d3475ff,4,3,6,10,10,8,3,4,6,7,8,6,8,8,3,5,5,7,4,7,8,7
6e4c5739-6d03-43a3-9e66-3a07401d7c0f,1,5,2,8,1,7,10,9,3,2,8,1,9,2,2,5,7,3,1,3,3,7
c46d6a99-4a80-41ea-bd68-aee73e4a7004,9,6,6,4,8,6,9,5,2,2,3,3,5,1,9,10,2,2,7,3,8,1
8b01bfe2-0f30-425c-95e1-2361079376ce,5,4,9,2,1,4,2,1,6,2,6,6,6,4,10,7,3,3,9,4,5,7
4d4aee28-8933-464a-8018-493d85785bda,6,7,5,6,2,7,10,9,8,7,7,6,10,2,2,9,5,2,1,6,5,9
8482b4fc-d6f1-490c-be9d-1d5b30ab66da,8,4,2,9,8,8,6,10,9,2,9,4,3,5,3,8,7,8,8,6,2,5
a66d4e5e-a8a7-4a6f-b331-fee9adfd920f,8,3,7,8,7,3,8,4,9,4,5,3,2,9,6,6,4,6,3,1,0,10
21f65fd2-19de-477a-9224-36dbd27b315f,7,2,1,2,6,3,3,9,10,5,1,4,6,10,7,4,3,1,5,10,3,0
